image_path,target
crease/crease_0.jpeg,0
crease/crease_1.jpeg,0
crease/crease_10.jpeg,0
crease/crease_11.jpeg,0
crease/crease_12.jpeg,0
crease/crease_13.jpeg,0
crease/crease_14.jpeg,0
crease/crease_15.jpeg,0
crease/crease_16.jpeg,0
crease/crease_17.jpeg,0
crease/crease_18.jpeg,0
crease/crease_19.jpeg,0
crease/crease_2.jpeg,0
crease/crease_20.jpeg,0
crease/crease_21.jpeg,0
crease/crease_22.jpeg,0
crease/crease_23.jpeg,0
crease/crease_24.jpeg,0
crease/crease_25.jpeg,0
crease/crease_26.jpeg,0
crease/crease_27.jpeg,0
crease/crease_28.jpeg,0
crease/crease_29.jpeg,0
crease/crease_3.jpeg,0
crease/crease_30.jpeg,0
crease/crease_31.jpeg,0
crease/crease_32.jpeg,0
crease/crease_33.jpeg,0
crease/crease_34.jpeg,0
crease/crease_35.jpeg,0
crease/crease_36.jpeg,0
crease/crease_37.jpeg,0
crease/crease_38.jpeg,0
crease/crease_39.jpeg,0
crease/crease_4.jpeg,0
crease/crease_40.jpeg,0
crease/crease_41.jpeg,0
crease/crease_42.jpeg,0
crease/crease_43.jpeg,0
crease/crease_44.jpeg,0
crease/crease_45.jpeg,0
crease/crease_46.jpeg,0
crease/crease_47.jpeg,0
crease/crease_48.jpeg,0
crease/crease_49.jpeg,0
crease/crease_5.jpeg,0
crease/crease_50.jpeg,0
crease/crease_51.jpeg,0
crease/crease_6.jpeg,0
crease/crease_7.jpeg,0
crease/crease_8.jpeg,0
crease/crease_9.jpeg,0
crescent_gap/crescent_gap_0.jpeg,1
crescent_gap/crescent_gap_1.jpeg,1
crescent_gap/crescent_gap_10.jpeg,1
crescent_gap/crescent_gap_100.jpeg,1
crescent_gap/crescent_gap_101.jpeg,1
crescent_gap/crescent_gap_102.jpeg,1
crescent_gap/crescent_gap_103.jpeg,1
crescent_gap/crescent_gap_104.jpeg,1
crescent_gap/crescent_gap_105.jpeg,1
crescent_gap/crescent_gap_106.jpeg,1
crescent_gap/crescent_gap_107.jpeg,1
crescent_gap/crescent_gap_108.jpeg,1
crescent_gap/crescent_gap_109.jpeg,1
crescent_gap/crescent_gap_11.jpeg,1
crescent_gap/crescent_gap_110.jpeg,1
crescent_gap/crescent_gap_111.jpeg,1
crescent_gap/crescent_gap_112.jpeg,1
crescent_gap/crescent_gap_113.jpeg,1
crescent_gap/crescent_gap_114.jpeg,1
crescent_gap/crescent_gap_115.jpeg,1
crescent_gap/crescent_gap_116.jpeg,1
crescent_gap/crescent_gap_117.jpeg,1
crescent_gap/crescent_gap_118.jpeg,1
crescent_gap/crescent_gap_119.jpeg,1
crescent_gap/crescent_gap_12.jpeg,1
crescent_gap/crescent_gap_120.jpeg,1
crescent_gap/crescent_gap_121.jpeg,1
crescent_gap/crescent_gap_122.jpeg,1
crescent_gap/crescent_gap_123.jpeg,1
crescent_gap/crescent_gap_124.jpeg,1
crescent_gap/crescent_gap_125.jpeg,1
crescent_gap/crescent_gap_126.jpeg,1
crescent_gap/crescent_gap_127.jpeg,1
crescent_gap/crescent_gap_128.jpeg,1
crescent_gap/crescent_gap_129.jpeg,1
crescent_gap/crescent_gap_13.jpeg,1
crescent_gap/crescent_gap_130.jpeg,1
crescent_gap/crescent_gap_131.jpeg,1
crescent_gap/crescent_gap_132.jpeg,1
crescent_gap/crescent_gap_133.jpeg,1
crescent_gap/crescent_gap_134.jpeg,1
crescent_gap/crescent_gap_135.jpeg,1
crescent_gap/crescent_gap_136.jpeg,1
crescent_gap/crescent_gap_137.jpeg,1
crescent_gap/crescent_gap_138.jpeg,1
crescent_gap/crescent_gap_139.jpeg,1
crescent_gap/crescent_gap_14.jpeg,1
crescent_gap/crescent_gap_140.jpeg,1
crescent_gap/crescent_gap_141.jpeg,1
crescent_gap/crescent_gap_142.jpeg,1
crescent_gap/crescent_gap_143.jpeg,1
crescent_gap/crescent_gap_144.jpeg,1
crescent_gap/crescent_gap_145.jpeg,1
crescent_gap/crescent_gap_146.jpeg,1
crescent_gap/crescent_gap_147.jpeg,1
crescent_gap/crescent_gap_148.jpeg,1
crescent_gap/crescent_gap_149.jpeg,1
crescent_gap/crescent_gap_15.jpeg,1
crescent_gap/crescent_gap_150.jpeg,1
crescent_gap/crescent_gap_151.jpeg,1
crescent_gap/crescent_gap_152.jpeg,1
crescent_gap/crescent_gap_153.jpeg,1
crescent_gap/crescent_gap_154.jpeg,1
crescent_gap/crescent_gap_155.jpeg,1
crescent_gap/crescent_gap_156.jpeg,1
crescent_gap/crescent_gap_157.jpeg,1
crescent_gap/crescent_gap_158.jpeg,1
crescent_gap/crescent_gap_159.jpeg,1
crescent_gap/crescent_gap_16.jpeg,1
crescent_gap/crescent_gap_160.jpeg,1
crescent_gap/crescent_gap_161.jpeg,1
crescent_gap/crescent_gap_162.jpeg,1
crescent_gap/crescent_gap_163.jpeg,1
crescent_gap/crescent_gap_164.jpeg,1
crescent_gap/crescent_gap_165.jpeg,1
crescent_gap/crescent_gap_166.jpeg,1
crescent_gap/crescent_gap_167.jpeg,1
crescent_gap/crescent_gap_168.jpeg,1
crescent_gap/crescent_gap_169.jpeg,1
crescent_gap/crescent_gap_17.jpeg,1
crescent_gap/crescent_gap_170.jpeg,1
crescent_gap/crescent_gap_171.jpeg,1
crescent_gap/crescent_gap_172.jpeg,1
crescent_gap/crescent_gap_173.jpeg,1
crescent_gap/crescent_gap_174.jpeg,1
crescent_gap/crescent_gap_175.jpeg,1
crescent_gap/crescent_gap_176.jpeg,1
crescent_gap/crescent_gap_177.jpeg,1
crescent_gap/crescent_gap_178.jpeg,1
crescent_gap/crescent_gap_179.jpeg,1
crescent_gap/crescent_gap_18.jpeg,1
crescent_gap/crescent_gap_180.jpeg,1
crescent_gap/crescent_gap_181.jpeg,1
crescent_gap/crescent_gap_182.jpeg,1
crescent_gap/crescent_gap_183.jpeg,1
crescent_gap/crescent_gap_184.jpeg,1
crescent_gap/crescent_gap_185.jpeg,1
crescent_gap/crescent_gap_186.jpeg,1
crescent_gap/crescent_gap_187.jpeg,1
crescent_gap/crescent_gap_188.jpeg,1
crescent_gap/crescent_gap_189.jpeg,1
crescent_gap/crescent_gap_19.jpeg,1
crescent_gap/crescent_gap_190.jpeg,1
crescent_gap/crescent_gap_191.jpeg,1
crescent_gap/crescent_gap_192.jpeg,1
crescent_gap/crescent_gap_193.jpeg,1
crescent_gap/crescent_gap_194.jpeg,1
crescent_gap/crescent_gap_195.jpeg,1
crescent_gap/crescent_gap_196.jpeg,1
crescent_gap/crescent_gap_197.jpeg,1
crescent_gap/crescent_gap_198.jpeg,1
crescent_gap/crescent_gap_199.jpeg,1
crescent_gap/crescent_gap_2.jpeg,1
crescent_gap/crescent_gap_20.jpeg,1
crescent_gap/crescent_gap_200.jpeg,1
crescent_gap/crescent_gap_201.jpeg,1
crescent_gap/crescent_gap_202.jpeg,1
crescent_gap/crescent_gap_203.jpeg,1
crescent_gap/crescent_gap_204.jpeg,1
crescent_gap/crescent_gap_205.jpeg,1
crescent_gap/crescent_gap_206.jpeg,1
crescent_gap/crescent_gap_207.jpeg,1
crescent_gap/crescent_gap_208.jpeg,1
crescent_gap/crescent_gap_209.jpeg,1
crescent_gap/crescent_gap_21.jpeg,1
crescent_gap/crescent_gap_210.jpeg,1
crescent_gap/crescent_gap_211.jpeg,1
crescent_gap/crescent_gap_212.jpeg,1
crescent_gap/crescent_gap_213.jpeg,1
crescent_gap/crescent_gap_214.jpeg,1
crescent_gap/crescent_gap_215.jpeg,1
crescent_gap/crescent_gap_216.jpeg,1
crescent_gap/crescent_gap_217.jpeg,1
crescent_gap/crescent_gap_218.jpeg,1
crescent_gap/crescent_gap_219.jpeg,1
crescent_gap/crescent_gap_22.jpeg,1
crescent_gap/crescent_gap_220.jpeg,1
crescent_gap/crescent_gap_221.jpeg,1
crescent_gap/crescent_gap_222.jpeg,1
crescent_gap/crescent_gap_223.jpeg,1
crescent_gap/crescent_gap_224.jpeg,1
crescent_gap/crescent_gap_225.jpeg,1
crescent_gap/crescent_gap_23.jpeg,1
crescent_gap/crescent_gap_24.jpeg,1
crescent_gap/crescent_gap_25.jpeg,1
crescent_gap/crescent_gap_26.jpeg,1
crescent_gap/crescent_gap_27.jpeg,1
crescent_gap/crescent_gap_28.jpeg,1
crescent_gap/crescent_gap_29.jpeg,1
crescent_gap/crescent_gap_3.jpeg,1
crescent_gap/crescent_gap_30.jpeg,1
crescent_gap/crescent_gap_31.jpeg,1
crescent_gap/crescent_gap_32.jpeg,1
crescent_gap/crescent_gap_33.jpeg,1
crescent_gap/crescent_gap_34.jpeg,1
crescent_gap/crescent_gap_35.jpeg,1
crescent_gap/crescent_gap_36.jpeg,1
crescent_gap/crescent_gap_37.jpeg,1
crescent_gap/crescent_gap_38.jpeg,1
crescent_gap/crescent_gap_39.jpeg,1
crescent_gap/crescent_gap_4.jpeg,1
crescent_gap/crescent_gap_40.jpeg,1
crescent_gap/crescent_gap_41.jpeg,1
crescent_gap/crescent_gap_42.jpeg,1
crescent_gap/crescent_gap_43.jpeg,1
crescent_gap/crescent_gap_44.jpeg,1
crescent_gap/crescent_gap_45.jpeg,1
crescent_gap/crescent_gap_46.jpeg,1
crescent_gap/crescent_gap_47.jpeg,1
crescent_gap/crescent_gap_48.jpeg,1
crescent_gap/crescent_gap_49.jpeg,1
crescent_gap/crescent_gap_5.jpeg,1
crescent_gap/crescent_gap_50.jpeg,1
crescent_gap/crescent_gap_51.jpeg,1
crescent_gap/crescent_gap_52.jpeg,1
crescent_gap/crescent_gap_53.jpeg,1
crescent_gap/crescent_gap_54.jpeg,1
crescent_gap/crescent_gap_55.jpeg,1
crescent_gap/crescent_gap_56.jpeg,1
crescent_gap/crescent_gap_57.jpeg,1
crescent_gap/crescent_gap_58.jpeg,1
crescent_gap/crescent_gap_59.jpeg,1
crescent_gap/crescent_gap_6.jpeg,1
crescent_gap/crescent_gap_60.jpeg,1
crescent_gap/crescent_gap_61.jpeg,1
crescent_gap/crescent_gap_62.jpeg,1
crescent_gap/crescent_gap_63.jpeg,1
crescent_gap/crescent_gap_64.jpeg,1
crescent_gap/crescent_gap_65.jpeg,1
crescent_gap/crescent_gap_66.jpeg,1
crescent_gap/crescent_gap_67.jpeg,1
crescent_gap/crescent_gap_68.jpeg,1
crescent_gap/crescent_gap_69.jpeg,1
crescent_gap/crescent_gap_7.jpeg,1
crescent_gap/crescent_gap_70.jpeg,1
crescent_gap/crescent_gap_71.jpeg,1
crescent_gap/crescent_gap_72.jpeg,1
crescent_gap/crescent_gap_73.jpeg,1
crescent_gap/crescent_gap_74.jpeg,1
crescent_gap/crescent_gap_75.jpeg,1
crescent_gap/crescent_gap_76.jpeg,1
crescent_gap/crescent_gap_77.jpeg,1
crescent_gap/crescent_gap_78.jpeg,1
crescent_gap/crescent_gap_79.jpeg,1
crescent_gap/crescent_gap_8.jpeg,1
crescent_gap/crescent_gap_80.jpeg,1
crescent_gap/crescent_gap_81.jpeg,1
crescent_gap/crescent_gap_82.jpeg,1
crescent_gap/crescent_gap_83.jpeg,1
crescent_gap/crescent_gap_84.jpeg,1
crescent_gap/crescent_gap_85.jpeg,1
crescent_gap/crescent_gap_86.jpeg,1
crescent_gap/crescent_gap_87.jpeg,1
crescent_gap/crescent_gap_88.jpeg,1
crescent_gap/crescent_gap_89.jpeg,1
crescent_gap/crescent_gap_9.jpeg,1
crescent_gap/crescent_gap_90.jpeg,1
crescent_gap/crescent_gap_91.jpeg,1
crescent_gap/crescent_gap_92.jpeg,1
crescent_gap/crescent_gap_93.jpeg,1
crescent_gap/crescent_gap_94.jpeg,1
crescent_gap/crescent_gap_95.jpeg,1
crescent_gap/crescent_gap_96.jpeg,1
crescent_gap/crescent_gap_97.jpeg,1
crescent_gap/crescent_gap_98.jpeg,1
crescent_gap/crescent_gap_99.jpeg,1
inclusion/inclusion_0.jpeg,2
inclusion/inclusion_1.jpeg,2
inclusion/inclusion_10.jpeg,2
inclusion/inclusion_100.jpeg,2
inclusion/inclusion_101.jpeg,2
inclusion/inclusion_102.jpeg,2
inclusion/inclusion_103.jpeg,2
inclusion/inclusion_104.jpeg,2
inclusion/inclusion_105.jpeg,2
inclusion/inclusion_106.jpeg,2
inclusion/inclusion_107.jpeg,2
inclusion/inclusion_108.jpeg,2
inclusion/inclusion_109.jpeg,2
inclusion/inclusion_11.jpeg,2
inclusion/inclusion_110.jpeg,2
inclusion/inclusion_111.jpeg,2
inclusion/inclusion_112.jpeg,2
inclusion/inclusion_113.jpeg,2
inclusion/inclusion_114.jpeg,2
inclusion/inclusion_115.jpeg,2
inclusion/inclusion_116.jpeg,2
inclusion/inclusion_117.jpeg,2
inclusion/inclusion_118.jpeg,2
inclusion/inclusion_119.jpeg,2
inclusion/inclusion_12.jpeg,2
inclusion/inclusion_120.jpeg,2
inclusion/inclusion_121.jpeg,2
inclusion/inclusion_122.jpeg,2
inclusion/inclusion_123.jpeg,2
inclusion/inclusion_124.jpeg,2
inclusion/inclusion_125.jpeg,2
inclusion/inclusion_126.jpeg,2
inclusion/inclusion_127.jpeg,2
inclusion/inclusion_128.jpeg,2
inclusion/inclusion_129.jpeg,2
inclusion/inclusion_13.jpeg,2
inclusion/inclusion_130.jpeg,2
inclusion/inclusion_131.jpeg,2
inclusion/inclusion_132.jpeg,2
inclusion/inclusion_133.jpeg,2
inclusion/inclusion_134.jpeg,2
inclusion/inclusion_135.jpeg,2
inclusion/inclusion_136.jpeg,2
inclusion/inclusion_137.jpeg,2
inclusion/inclusion_138.jpeg,2
inclusion/inclusion_139.jpeg,2
inclusion/inclusion_14.jpeg,2
inclusion/inclusion_140.jpeg,2
inclusion/inclusion_141.jpeg,2
inclusion/inclusion_142.jpeg,2
inclusion/inclusion_143.jpeg,2
inclusion/inclusion_144.jpeg,2
inclusion/inclusion_145.jpeg,2
inclusion/inclusion_146.jpeg,2
inclusion/inclusion_147.jpeg,2
inclusion/inclusion_148.jpeg,2
inclusion/inclusion_149.jpeg,2
inclusion/inclusion_15.jpeg,2
inclusion/inclusion_150.jpeg,2
inclusion/inclusion_151.jpeg,2
inclusion/inclusion_152.jpeg,2
inclusion/inclusion_153.jpeg,2
inclusion/inclusion_154.jpeg,2
inclusion/inclusion_155.jpeg,2
inclusion/inclusion_156.jpeg,2
inclusion/inclusion_157.jpeg,2
inclusion/inclusion_158.jpeg,2
inclusion/inclusion_159.jpeg,2
inclusion/inclusion_16.jpeg,2
inclusion/inclusion_160.jpeg,2
inclusion/inclusion_161.jpeg,2
inclusion/inclusion_162.jpeg,2
inclusion/inclusion_163.jpeg,2
inclusion/inclusion_164.jpeg,2
inclusion/inclusion_165.jpeg,2
inclusion/inclusion_166.jpeg,2
inclusion/inclusion_167.jpeg,2
inclusion/inclusion_168.jpeg,2
inclusion/inclusion_169.jpeg,2
inclusion/inclusion_17.jpeg,2
inclusion/inclusion_170.jpeg,2
inclusion/inclusion_171.jpeg,2
inclusion/inclusion_172.jpeg,2
inclusion/inclusion_173.jpeg,2
inclusion/inclusion_174.jpeg,2
inclusion/inclusion_175.jpeg,2
inclusion/inclusion_176.jpeg,2
inclusion/inclusion_177.jpeg,2
inclusion/inclusion_178.jpeg,2
inclusion/inclusion_179.jpeg,2
inclusion/inclusion_18.jpeg,2
inclusion/inclusion_180.jpeg,2
inclusion/inclusion_181.jpeg,2
inclusion/inclusion_182.jpeg,2
inclusion/inclusion_183.jpeg,2
inclusion/inclusion_184.jpeg,2
inclusion/inclusion_185.jpeg,2
inclusion/inclusion_186.jpeg,2
inclusion/inclusion_187.jpeg,2
inclusion/inclusion_188.jpeg,2
inclusion/inclusion_189.jpeg,2
inclusion/inclusion_19.jpeg,2
inclusion/inclusion_190.jpeg,2
inclusion/inclusion_191.jpeg,2
inclusion/inclusion_192.jpeg,2
inclusion/inclusion_193.jpeg,2
inclusion/inclusion_194.jpeg,2
inclusion/inclusion_195.jpeg,2
inclusion/inclusion_196.jpeg,2
inclusion/inclusion_197.jpeg,2
inclusion/inclusion_198.jpeg,2
inclusion/inclusion_199.jpeg,2
inclusion/inclusion_2.jpeg,2
inclusion/inclusion_20.jpeg,2
inclusion/inclusion_200.jpeg,2
inclusion/inclusion_201.jpeg,2
inclusion/inclusion_202.jpeg,2
inclusion/inclusion_203.jpeg,2
inclusion/inclusion_204.jpeg,2
inclusion/inclusion_205.jpeg,2
inclusion/inclusion_206.jpeg,2
inclusion/inclusion_207.jpeg,2
inclusion/inclusion_208.jpeg,2
inclusion/inclusion_209.jpeg,2
inclusion/inclusion_21.jpeg,2
inclusion/inclusion_210.jpeg,2
inclusion/inclusion_211.jpeg,2
inclusion/inclusion_212.jpeg,2
inclusion/inclusion_213.jpeg,2
inclusion/inclusion_214.jpeg,2
inclusion/inclusion_215.jpeg,2
inclusion/inclusion_22.jpeg,2
inclusion/inclusion_23.jpeg,2
inclusion/inclusion_24.jpeg,2
inclusion/inclusion_25.jpeg,2
inclusion/inclusion_26.jpeg,2
inclusion/inclusion_27.jpeg,2
inclusion/inclusion_28.jpeg,2
inclusion/inclusion_29.jpeg,2
inclusion/inclusion_3.jpeg,2
inclusion/inclusion_30.jpeg,2
inclusion/inclusion_31.jpeg,2
inclusion/inclusion_32.jpeg,2
inclusion/inclusion_33.jpeg,2
inclusion/inclusion_34.jpeg,2
inclusion/inclusion_35.jpeg,2
inclusion/inclusion_36.jpeg,2
inclusion/inclusion_37.jpeg,2
inclusion/inclusion_38.jpeg,2
inclusion/inclusion_39.jpeg,2
inclusion/inclusion_4.jpeg,2
inclusion/inclusion_40.jpeg,2
inclusion/inclusion_41.jpeg,2
inclusion/inclusion_42.jpeg,2
inclusion/inclusion_43.jpeg,2
inclusion/inclusion_44.jpeg,2
inclusion/inclusion_45.jpeg,2
inclusion/inclusion_46.jpeg,2
inclusion/inclusion_47.jpeg,2
inclusion/inclusion_48.jpeg,2
inclusion/inclusion_49.jpeg,2
inclusion/inclusion_5.jpeg,2
inclusion/inclusion_50.jpeg,2
inclusion/inclusion_51.jpeg,2
inclusion/inclusion_52.jpeg,2
inclusion/inclusion_53.jpeg,2
inclusion/inclusion_54.jpeg,2
inclusion/inclusion_55.jpeg,2
inclusion/inclusion_56.jpeg,2
inclusion/inclusion_57.jpeg,2
inclusion/inclusion_58.jpeg,2
inclusion/inclusion_59.jpeg,2
inclusion/inclusion_6.jpeg,2
inclusion/inclusion_60.jpeg,2
inclusion/inclusion_61.jpeg,2
inclusion/inclusion_62.jpeg,2
inclusion/inclusion_63.jpeg,2
inclusion/inclusion_64.jpeg,2
inclusion/inclusion_65.jpeg,2
inclusion/inclusion_66.jpeg,2
inclusion/inclusion_67.jpeg,2
inclusion/inclusion_68.jpeg,2
inclusion/inclusion_69.jpeg,2
inclusion/inclusion_7.jpeg,2
inclusion/inclusion_70.jpeg,2
inclusion/inclusion_71.jpeg,2
inclusion/inclusion_72.jpeg,2
inclusion/inclusion_73.jpeg,2
inclusion/inclusion_74.jpeg,2
inclusion/inclusion_75.jpeg,2
inclusion/inclusion_76.jpeg,2
inclusion/inclusion_77.jpeg,2
inclusion/inclusion_78.jpeg,2
inclusion/inclusion_79.jpeg,2
inclusion/inclusion_8.jpeg,2
inclusion/inclusion_80.jpeg,2
inclusion/inclusion_81.jpeg,2
inclusion/inclusion_82.jpeg,2
inclusion/inclusion_83.jpeg,2
inclusion/inclusion_84.jpeg,2
inclusion/inclusion_85.jpeg,2
inclusion/inclusion_86.jpeg,2
inclusion/inclusion_87.jpeg,2
inclusion/inclusion_88.jpeg,2
inclusion/inclusion_89.jpeg,2
inclusion/inclusion_9.jpeg,2
inclusion/inclusion_90.jpeg,2
inclusion/inclusion_91.jpeg,2
inclusion/inclusion_92.jpeg,2
inclusion/inclusion_93.jpeg,2
inclusion/inclusion_94.jpeg,2
inclusion/inclusion_95.jpeg,2
inclusion/inclusion_96.jpeg,2
inclusion/inclusion_97.jpeg,2
inclusion/inclusion_98.jpeg,2
inclusion/inclusion_99.jpeg,2
oil_spot/oilspot_0.jpeg,3
oil_spot/oilspot_1.jpeg,3
oil_spot/oilspot_10.jpeg,3
oil_spot/oilspot_100.jpeg,3
oil_spot/oilspot_101.jpeg,3
oil_spot/oilspot_102.jpeg,3
oil_spot/oilspot_103.jpeg,3
oil_spot/oilspot_104.jpeg,3
oil_spot/oilspot_105.jpeg,3
oil_spot/oilspot_106.jpeg,3
oil_spot/oilspot_107.jpeg,3
oil_spot/oilspot_108.jpeg,3
oil_spot/oilspot_109.jpeg,3
oil_spot/oilspot_11.jpeg,3
oil_spot/oilspot_110.jpeg,3
oil_spot/oilspot_111.jpeg,3
oil_spot/oilspot_112.jpeg,3
oil_spot/oilspot_113.jpeg,3
oil_spot/oilspot_114.jpeg,3
oil_spot/oilspot_115.jpeg,3
oil_spot/oilspot_116.jpeg,3
oil_spot/oilspot_117.jpeg,3
oil_spot/oilspot_118.jpeg,3
oil_spot/oilspot_119.jpeg,3
oil_spot/oilspot_12.jpeg,3
oil_spot/oilspot_120.jpeg,3
oil_spot/oilspot_121.jpeg,3
oil_spot/oilspot_122.jpeg,3
oil_spot/oilspot_123.jpeg,3
oil_spot/oilspot_124.jpeg,3
oil_spot/oilspot_125.jpeg,3
oil_spot/oilspot_126.jpeg,3
oil_spot/oilspot_127.jpeg,3
oil_spot/oilspot_128.jpeg,3
oil_spot/oilspot_129.jpeg,3
oil_spot/oilspot_13.jpeg,3
oil_spot/oilspot_130.jpeg,3
oil_spot/oilspot_131.jpeg,3
oil_spot/oilspot_132.jpeg,3
oil_spot/oilspot_133.jpeg,3
oil_spot/oilspot_134.jpeg,3
oil_spot/oilspot_135.jpeg,3
oil_spot/oilspot_136.jpeg,3
oil_spot/oilspot_137.jpeg,3
oil_spot/oilspot_138.jpeg,3
oil_spot/oilspot_139.jpeg,3
oil_spot/oilspot_14.jpeg,3
oil_spot/oilspot_140.jpeg,3
oil_spot/oilspot_141.jpeg,3
oil_spot/oilspot_142.jpeg,3
oil_spot/oilspot_143.jpeg,3
oil_spot/oilspot_144.jpeg,3
oil_spot/oilspot_145.jpeg,3
oil_spot/oilspot_146.jpeg,3
oil_spot/oilspot_147.jpeg,3
oil_spot/oilspot_148.jpeg,3
oil_spot/oilspot_149.jpeg,3
oil_spot/oilspot_15.jpeg,3
oil_spot/oilspot_150.jpeg,3
oil_spot/oilspot_151.jpeg,3
oil_spot/oilspot_152.jpeg,3
oil_spot/oilspot_153.jpeg,3
oil_spot/oilspot_154.jpeg,3
oil_spot/oilspot_155.jpeg,3
oil_spot/oilspot_156.jpeg,3
oil_spot/oilspot_157.jpeg,3
oil_spot/oilspot_158.jpeg,3
oil_spot/oilspot_159.jpeg,3
oil_spot/oilspot_16.jpeg,3
oil_spot/oilspot_160.jpeg,3
oil_spot/oilspot_161.jpeg,3
oil_spot/oilspot_162.jpeg,3
oil_spot/oilspot_163.jpeg,3
oil_spot/oilspot_164.jpeg,3
oil_spot/oilspot_165.jpeg,3
oil_spot/oilspot_166.jpeg,3
oil_spot/oilspot_167.jpeg,3
oil_spot/oilspot_168.jpeg,3
oil_spot/oilspot_169.jpeg,3
oil_spot/oilspot_17.jpeg,3
oil_spot/oilspot_170.jpeg,3
oil_spot/oilspot_171.jpeg,3
oil_spot/oilspot_172.jpeg,3
oil_spot/oilspot_173.jpeg,3
oil_spot/oilspot_174.jpeg,3
oil_spot/oilspot_175.jpeg,3
oil_spot/oilspot_176.jpeg,3
oil_spot/oilspot_177.jpeg,3
oil_spot/oilspot_178.jpeg,3
oil_spot/oilspot_179.jpeg,3
oil_spot/oilspot_18.jpeg,3
oil_spot/oilspot_180.jpeg,3
oil_spot/oilspot_181.jpeg,3
oil_spot/oilspot_182.jpeg,3
oil_spot/oilspot_183.jpeg,3
oil_spot/oilspot_184.jpeg,3
oil_spot/oilspot_185.jpeg,3
oil_spot/oilspot_186.jpeg,3
oil_spot/oilspot_187.jpeg,3
oil_spot/oilspot_188.jpeg,3
oil_spot/oilspot_189.jpeg,3
oil_spot/oilspot_19.jpeg,3
oil_spot/oilspot_190.jpeg,3
oil_spot/oilspot_191.jpeg,3
oil_spot/oilspot_192.jpeg,3
oil_spot/oilspot_193.jpeg,3
oil_spot/oilspot_194.jpeg,3
oil_spot/oilspot_195.jpeg,3
oil_spot/oilspot_196.jpeg,3
oil_spot/oilspot_197.jpeg,3
oil_spot/oilspot_198.jpeg,3
oil_spot/oilspot_199.jpeg,3
oil_spot/oilspot_2.jpeg,3
oil_spot/oilspot_20.jpeg,3
oil_spot/oilspot_200.jpeg,3
oil_spot/oilspot_201.jpeg,3
oil_spot/oilspot_202.jpeg,3
oil_spot/oilspot_203.jpeg,3
oil_spot/oilspot_21.jpeg,3
oil_spot/oilspot_22.jpeg,3
oil_spot/oilspot_23.jpeg,3
oil_spot/oilspot_24.jpeg,3
oil_spot/oilspot_25.jpeg,3
oil_spot/oilspot_26.jpeg,3
oil_spot/oilspot_27.jpeg,3
oil_spot/oilspot_28.jpeg,3
oil_spot/oilspot_29.jpeg,3
oil_spot/oilspot_3.jpeg,3
oil_spot/oilspot_30.jpeg,3
oil_spot/oilspot_31.jpeg,3
oil_spot/oilspot_32.jpeg,3
oil_spot/oilspot_33.jpeg,3
oil_spot/oilspot_34.jpeg,3
oil_spot/oilspot_35.jpeg,3
oil_spot/oilspot_36.jpeg,3
oil_spot/oilspot_37.jpeg,3
oil_spot/oilspot_38.jpeg,3
oil_spot/oilspot_39.jpeg,3
oil_spot/oilspot_4.jpeg,3
oil_spot/oilspot_40.jpeg,3
oil_spot/oilspot_41.jpeg,3
oil_spot/oilspot_42.jpeg,3
oil_spot/oilspot_43.jpeg,3
oil_spot/oilspot_44.jpeg,3
oil_spot/oilspot_45.jpeg,3
oil_spot/oilspot_46.jpeg,3
oil_spot/oilspot_47.jpeg,3
oil_spot/oilspot_48.jpeg,3
oil_spot/oilspot_49.jpeg,3
oil_spot/oilspot_5.jpeg,3
oil_spot/oilspot_50.jpeg,3
oil_spot/oilspot_51.jpeg,3
oil_spot/oilspot_52.jpeg,3
oil_spot/oilspot_53.jpeg,3
oil_spot/oilspot_54.jpeg,3
oil_spot/oilspot_55.jpeg,3
oil_spot/oilspot_56.jpeg,3
oil_spot/oilspot_57.jpeg,3
oil_spot/oilspot_58.jpeg,3
oil_spot/oilspot_59.jpeg,3
oil_spot/oilspot_6.jpeg,3
oil_spot/oilspot_60.jpeg,3
oil_spot/oilspot_61.jpeg,3
oil_spot/oilspot_62.jpeg,3
oil_spot/oilspot_63.jpeg,3
oil_spot/oilspot_64.jpeg,3
oil_spot/oilspot_65.jpeg,3
oil_spot/oilspot_66.jpeg,3
oil_spot/oilspot_67.jpeg,3
oil_spot/oilspot_68.jpeg,3
oil_spot/oilspot_69.jpeg,3
oil_spot/oilspot_7.jpeg,3
oil_spot/oilspot_70.jpeg,3
oil_spot/oilspot_71.jpeg,3
oil_spot/oilspot_72.jpeg,3
oil_spot/oilspot_73.jpeg,3
oil_spot/oilspot_74.jpeg,3
oil_spot/oilspot_75.jpeg,3
oil_spot/oilspot_76.jpeg,3
oil_spot/oilspot_77.jpeg,3
oil_spot/oilspot_78.jpeg,3
oil_spot/oilspot_79.jpeg,3
oil_spot/oilspot_8.jpeg,3
oil_spot/oilspot_80.jpeg,3
oil_spot/oilspot_81.jpeg,3
oil_spot/oilspot_82.jpeg,3
oil_spot/oilspot_83.jpeg,3
oil_spot/oilspot_84.jpeg,3
oil_spot/oilspot_85.jpeg,3
oil_spot/oilspot_86.jpeg,3
oil_spot/oilspot_87.jpeg,3
oil_spot/oilspot_88.jpeg,3
oil_spot/oilspot_89.jpeg,3
oil_spot/oilspot_9.jpeg,3
oil_spot/oilspot_90.jpeg,3
oil_spot/oilspot_91.jpeg,3
oil_spot/oilspot_92.jpeg,3
oil_spot/oilspot_93.jpeg,3
oil_spot/oilspot_94.jpeg,3
oil_spot/oilspot_95.jpeg,3
oil_spot/oilspot_96.jpeg,3
oil_spot/oilspot_97.jpeg,3
oil_spot/oilspot_98.jpeg,3
oil_spot/oilspot_99.jpeg,3
punching_hole/punchinghole_0.jpeg,4
punching_hole/punchinghole_1.jpeg,4
punching_hole/punchinghole_10.jpeg,4
punching_hole/punchinghole_100.jpeg,4
punching_hole/punchinghole_101.jpeg,4
punching_hole/punchinghole_102.jpeg,4
punching_hole/punchinghole_103.jpeg,4
punching_hole/punchinghole_104.jpeg,4
punching_hole/punchinghole_105.jpeg,4
punching_hole/punchinghole_106.jpeg,4
punching_hole/punchinghole_107.jpeg,4
punching_hole/punchinghole_108.jpeg,4
punching_hole/punchinghole_109.jpeg,4
punching_hole/punchinghole_11.jpeg,4
punching_hole/punchinghole_110.jpeg,4
punching_hole/punchinghole_111.jpeg,4
punching_hole/punchinghole_112.jpeg,4
punching_hole/punchinghole_113.jpeg,4
punching_hole/punchinghole_114.jpeg,4
punching_hole/punchinghole_115.jpeg,4
punching_hole/punchinghole_116.jpeg,4
punching_hole/punchinghole_117.jpeg,4
punching_hole/punchinghole_118.jpeg,4
punching_hole/punchinghole_119.jpeg,4
punching_hole/punchinghole_12.jpeg,4
punching_hole/punchinghole_120.jpeg,4
punching_hole/punchinghole_121.jpeg,4
punching_hole/punchinghole_122.jpeg,4
punching_hole/punchinghole_123.jpeg,4
punching_hole/punchinghole_124.jpeg,4
punching_hole/punchinghole_125.jpeg,4
punching_hole/punchinghole_126.jpeg,4
punching_hole/punchinghole_127.jpeg,4
punching_hole/punchinghole_128.jpeg,4
punching_hole/punchinghole_129.jpeg,4
punching_hole/punchinghole_13.jpeg,4
punching_hole/punchinghole_130.jpeg,4
punching_hole/punchinghole_131.jpeg,4
punching_hole/punchinghole_132.jpeg,4
punching_hole/punchinghole_133.jpeg,4
punching_hole/punchinghole_134.jpeg,4
punching_hole/punchinghole_135.jpeg,4
punching_hole/punchinghole_136.jpeg,4
punching_hole/punchinghole_137.jpeg,4
punching_hole/punchinghole_138.jpeg,4
punching_hole/punchinghole_139.jpeg,4
punching_hole/punchinghole_14.jpeg,4
punching_hole/punchinghole_140.jpeg,4
punching_hole/punchinghole_141.jpeg,4
punching_hole/punchinghole_142.jpeg,4
punching_hole/punchinghole_143.jpeg,4
punching_hole/punchinghole_144.jpeg,4
punching_hole/punchinghole_145.jpeg,4
punching_hole/punchinghole_146.jpeg,4
punching_hole/punchinghole_147.jpeg,4
punching_hole/punchinghole_148.jpeg,4
punching_hole/punchinghole_149.jpeg,4
punching_hole/punchinghole_15.jpeg,4
punching_hole/punchinghole_150.jpeg,4
punching_hole/punchinghole_151.jpeg,4
punching_hole/punchinghole_152.jpeg,4
punching_hole/punchinghole_153.jpeg,4
punching_hole/punchinghole_154.jpeg,4
punching_hole/punchinghole_155.jpeg,4
punching_hole/punchinghole_156.jpeg,4
punching_hole/punchinghole_157.jpeg,4
punching_hole/punchinghole_158.jpeg,4
punching_hole/punchinghole_159.jpeg,4
punching_hole/punchinghole_16.jpeg,4
punching_hole/punchinghole_160.jpeg,4
punching_hole/punchinghole_161.jpeg,4
punching_hole/punchinghole_162.jpeg,4
punching_hole/punchinghole_163.jpeg,4
punching_hole/punchinghole_164.jpeg,4
punching_hole/punchinghole_165.jpeg,4
punching_hole/punchinghole_166.jpeg,4
punching_hole/punchinghole_167.jpeg,4
punching_hole/punchinghole_168.jpeg,4
punching_hole/punchinghole_169.jpeg,4
punching_hole/punchinghole_17.jpeg,4
punching_hole/punchinghole_170.jpeg,4
punching_hole/punchinghole_171.jpeg,4
punching_hole/punchinghole_172.jpeg,4
punching_hole/punchinghole_173.jpeg,4
punching_hole/punchinghole_174.jpeg,4
punching_hole/punchinghole_175.jpeg,4
punching_hole/punchinghole_176.jpeg,4
punching_hole/punchinghole_177.jpeg,4
punching_hole/punchinghole_178.jpeg,4
punching_hole/punchinghole_179.jpeg,4
punching_hole/punchinghole_18.jpeg,4
punching_hole/punchinghole_180.jpeg,4
punching_hole/punchinghole_181.jpeg,4
punching_hole/punchinghole_182.jpeg,4
punching_hole/punchinghole_183.jpeg,4
punching_hole/punchinghole_184.jpeg,4
punching_hole/punchinghole_185.jpeg,4
punching_hole/punchinghole_186.jpeg,4
punching_hole/punchinghole_187.jpeg,4
punching_hole/punchinghole_188.jpeg,4
punching_hole/punchinghole_189.jpeg,4
punching_hole/punchinghole_19.jpeg,4
punching_hole/punchinghole_190.jpeg,4
punching_hole/punchinghole_191.jpeg,4
punching_hole/punchinghole_192.jpeg,4
punching_hole/punchinghole_193.jpeg,4
punching_hole/punchinghole_194.jpeg,4
punching_hole/punchinghole_195.jpeg,4
punching_hole/punchinghole_196.jpeg,4
punching_hole/punchinghole_197.jpeg,4
punching_hole/punchinghole_198.jpeg,4
punching_hole/punchinghole_199.jpeg,4
punching_hole/punchinghole_2.jpeg,4
punching_hole/punchinghole_20.jpeg,4
punching_hole/punchinghole_200.jpeg,4
punching_hole/punchinghole_201.jpeg,4
punching_hole/punchinghole_202.jpeg,4
punching_hole/punchinghole_203.jpeg,4
punching_hole/punchinghole_204.jpeg,4
punching_hole/punchinghole_205.jpeg,4
punching_hole/punchinghole_206.jpeg,4
punching_hole/punchinghole_207.jpeg,4
punching_hole/punchinghole_208.jpeg,4
punching_hole/punchinghole_209.jpeg,4
punching_hole/punchinghole_21.jpeg,4
punching_hole/punchinghole_210.jpeg,4
punching_hole/punchinghole_211.jpeg,4
punching_hole/punchinghole_212.jpeg,4
punching_hole/punchinghole_213.jpeg,4
punching_hole/punchinghole_214.jpeg,4
punching_hole/punchinghole_215.jpeg,4
punching_hole/punchinghole_216.jpeg,4
punching_hole/punchinghole_217.jpeg,4
punching_hole/punchinghole_218.jpeg,4
punching_hole/punchinghole_22.jpeg,4
punching_hole/punchinghole_23.jpeg,4
punching_hole/punchinghole_24.jpeg,4
punching_hole/punchinghole_25.jpeg,4
punching_hole/punchinghole_26.jpeg,4
punching_hole/punchinghole_27.jpeg,4
punching_hole/punchinghole_28.jpeg,4
punching_hole/punchinghole_29.jpeg,4
punching_hole/punchinghole_3.jpeg,4
punching_hole/punchinghole_30.jpeg,4
punching_hole/punchinghole_31.jpeg,4
punching_hole/punchinghole_32.jpeg,4
punching_hole/punchinghole_33.jpeg,4
punching_hole/punchinghole_34.jpeg,4
punching_hole/punchinghole_35.jpeg,4
punching_hole/punchinghole_36.jpeg,4
punching_hole/punchinghole_37.jpeg,4
punching_hole/punchinghole_38.jpeg,4
punching_hole/punchinghole_39.jpeg,4
punching_hole/punchinghole_4.jpeg,4
punching_hole/punchinghole_40.jpeg,4
punching_hole/punchinghole_41.jpeg,4
punching_hole/punchinghole_42.jpeg,4
punching_hole/punchinghole_43.jpeg,4
punching_hole/punchinghole_44.jpeg,4
punching_hole/punchinghole_45.jpeg,4
punching_hole/punchinghole_46.jpeg,4
punching_hole/punchinghole_47.jpeg,4
punching_hole/punchinghole_48.jpeg,4
punching_hole/punchinghole_49.jpeg,4
punching_hole/punchinghole_5.jpeg,4
punching_hole/punchinghole_50.jpeg,4
punching_hole/punchinghole_51.jpeg,4
punching_hole/punchinghole_52.jpeg,4
punching_hole/punchinghole_53.jpeg,4
punching_hole/punchinghole_54.jpeg,4
punching_hole/punchinghole_55.jpeg,4
punching_hole/punchinghole_56.jpeg,4
punching_hole/punchinghole_57.jpeg,4
punching_hole/punchinghole_58.jpeg,4
punching_hole/punchinghole_59.jpeg,4
punching_hole/punchinghole_6.jpeg,4
punching_hole/punchinghole_60.jpeg,4
punching_hole/punchinghole_61.jpeg,4
punching_hole/punchinghole_62.jpeg,4
punching_hole/punchinghole_63.jpeg,4
punching_hole/punchinghole_64.jpeg,4
punching_hole/punchinghole_65.jpeg,4
punching_hole/punchinghole_66.jpeg,4
punching_hole/punchinghole_67.jpeg,4
punching_hole/punchinghole_68.jpeg,4
punching_hole/punchinghole_69.jpeg,4
punching_hole/punchinghole_7.jpeg,4
punching_hole/punchinghole_70.jpeg,4
punching_hole/punchinghole_71.jpeg,4
punching_hole/punchinghole_72.jpeg,4
punching_hole/punchinghole_73.jpeg,4
punching_hole/punchinghole_74.jpeg,4
punching_hole/punchinghole_75.jpeg,4
punching_hole/punchinghole_76.jpeg,4
punching_hole/punchinghole_77.jpeg,4
punching_hole/punchinghole_78.jpeg,4
punching_hole/punchinghole_79.jpeg,4
punching_hole/punchinghole_8.jpeg,4
punching_hole/punchinghole_80.jpeg,4
punching_hole/punchinghole_81.jpeg,4
punching_hole/punchinghole_82.jpeg,4
punching_hole/punchinghole_83.jpeg,4
punching_hole/punchinghole_84.jpeg,4
punching_hole/punchinghole_85.jpeg,4
punching_hole/punchinghole_86.jpeg,4
punching_hole/punchinghole_87.jpeg,4
punching_hole/punchinghole_88.jpeg,4
punching_hole/punchinghole_89.jpeg,4
punching_hole/punchinghole_9.jpeg,4
punching_hole/punchinghole_90.jpeg,4
punching_hole/punchinghole_91.jpeg,4
punching_hole/punchinghole_92.jpeg,4
punching_hole/punchinghole_93.jpeg,4
punching_hole/punchinghole_94.jpeg,4
punching_hole/punchinghole_95.jpeg,4
punching_hole/punchinghole_96.jpeg,4
punching_hole/punchinghole_97.jpeg,4
punching_hole/punchinghole_98.jpeg,4
punching_hole/punchinghole_99.jpeg,4
rolled_pit/rolledpit_0.jpeg,5
rolled_pit/rolledpit_1.jpeg,5
rolled_pit/rolledpit_10.jpeg,5
rolled_pit/rolledpit_11.jpeg,5
rolled_pit/rolledpit_12.jpeg,5
rolled_pit/rolledpit_13.jpeg,5
rolled_pit/rolledpit_14.jpeg,5
rolled_pit/rolledpit_15.jpeg,5
rolled_pit/rolledpit_16.jpeg,5
rolled_pit/rolledpit_17.jpeg,5
rolled_pit/rolledpit_18.jpeg,5
rolled_pit/rolledpit_19.jpeg,5
rolled_pit/rolledpit_2.jpeg,5
rolled_pit/rolledpit_20.jpeg,5
rolled_pit/rolledpit_21.jpeg,5
rolled_pit/rolledpit_22.jpeg,5
rolled_pit/rolledpit_23.jpeg,5
rolled_pit/rolledpit_24.jpeg,5
rolled_pit/rolledpit_25.jpeg,5
rolled_pit/rolledpit_26.jpeg,5
rolled_pit/rolledpit_27.jpeg,5
rolled_pit/rolledpit_28.jpeg,5
rolled_pit/rolledpit_29.jpeg,5
rolled_pit/rolledpit_3.jpeg,5
rolled_pit/rolledpit_30.jpeg,5
rolled_pit/rolledpit_4.jpeg,5
rolled_pit/rolledpit_5.jpeg,5
rolled_pit/rolledpit_6.jpeg,5
rolled_pit/rolledpit_7.jpeg,5
rolled_pit/rolledpit_8.jpeg,5
rolled_pit/rolledpit_9.jpeg,5
silk_spot/silkspot_0.jpeg,6
silk_spot/silkspot_1.jpeg,6
silk_spot/silkspot_10.jpeg,6
silk_spot/silkspot_100.jpeg,6
silk_spot/silkspot_101.jpeg,6
silk_spot/silkspot_102.jpeg,6
silk_spot/silkspot_103.jpeg,6
silk_spot/silkspot_104.jpeg,6
silk_spot/silkspot_105.jpeg,6
silk_spot/silkspot_106.jpeg,6
silk_spot/silkspot_107.jpeg,6
silk_spot/silkspot_108.jpeg,6
silk_spot/silkspot_109.jpeg,6
silk_spot/silkspot_11.jpeg,6
silk_spot/silkspot_110.jpeg,6
silk_spot/silkspot_111.jpeg,6
silk_spot/silkspot_112.jpeg,6
silk_spot/silkspot_113.jpeg,6
silk_spot/silkspot_114.jpeg,6
silk_spot/silkspot_115.jpeg,6
silk_spot/silkspot_116.jpeg,6
silk_spot/silkspot_117.jpeg,6
silk_spot/silkspot_118.jpeg,6
silk_spot/silkspot_119.jpeg,6
silk_spot/silkspot_12.jpeg,6
silk_spot/silkspot_120.jpeg,6
silk_spot/silkspot_121.jpeg,6
silk_spot/silkspot_122.jpeg,6
silk_spot/silkspot_123.jpeg,6
silk_spot/silkspot_124.jpeg,6
silk_spot/silkspot_125.jpeg,6
silk_spot/silkspot_126.jpeg,6
silk_spot/silkspot_127.jpeg,6
silk_spot/silkspot_128.jpeg,6
silk_spot/silkspot_129.jpeg,6
silk_spot/silkspot_13.jpeg,6
silk_spot/silkspot_130.jpeg,6
silk_spot/silkspot_131.jpeg,6
silk_spot/silkspot_132.jpeg,6
silk_spot/silkspot_133.jpeg,6
silk_spot/silkspot_134.jpeg,6
silk_spot/silkspot_135.jpeg,6
silk_spot/silkspot_136.jpeg,6
silk_spot/silkspot_137.jpeg,6
silk_spot/silkspot_138.jpeg,6
silk_spot/silkspot_139.jpeg,6
silk_spot/silkspot_14.jpeg,6
silk_spot/silkspot_140.jpeg,6
silk_spot/silkspot_141.jpeg,6
silk_spot/silkspot_142.jpeg,6
silk_spot/silkspot_143.jpeg,6
silk_spot/silkspot_144.jpeg,6
silk_spot/silkspot_145.jpeg,6
silk_spot/silkspot_146.jpeg,6
silk_spot/silkspot_147.jpeg,6
silk_spot/silkspot_148.jpeg,6
silk_spot/silkspot_149.jpeg,6
silk_spot/silkspot_15.jpeg,6
silk_spot/silkspot_150.jpeg,6
silk_spot/silkspot_151.jpeg,6
silk_spot/silkspot_152.jpeg,6
silk_spot/silkspot_153.jpeg,6
silk_spot/silkspot_154.jpeg,6
silk_spot/silkspot_155.jpeg,6
silk_spot/silkspot_156.jpeg,6
silk_spot/silkspot_157.jpeg,6
silk_spot/silkspot_158.jpeg,6
silk_spot/silkspot_159.jpeg,6
silk_spot/silkspot_16.jpeg,6
silk_spot/silkspot_160.jpeg,6
silk_spot/silkspot_161.jpeg,6
silk_spot/silkspot_162.jpeg,6
silk_spot/silkspot_163.jpeg,6
silk_spot/silkspot_164.jpeg,6
silk_spot/silkspot_165.jpeg,6
silk_spot/silkspot_166.jpeg,6
silk_spot/silkspot_167.jpeg,6
silk_spot/silkspot_168.jpeg,6
silk_spot/silkspot_169.jpeg,6
silk_spot/silkspot_17.jpeg,6
silk_spot/silkspot_170.jpeg,6
silk_spot/silkspot_171.jpeg,6
silk_spot/silkspot_172.jpeg,6
silk_spot/silkspot_173.jpeg,6
silk_spot/silkspot_174.jpeg,6
silk_spot/silkspot_175.jpeg,6
silk_spot/silkspot_176.jpeg,6
silk_spot/silkspot_177.jpeg,6
silk_spot/silkspot_178.jpeg,6
silk_spot/silkspot_179.jpeg,6
silk_spot/silkspot_18.jpeg,6
silk_spot/silkspot_180.jpeg,6
silk_spot/silkspot_181.jpeg,6
silk_spot/silkspot_182.jpeg,6
silk_spot/silkspot_183.jpeg,6
silk_spot/silkspot_184.jpeg,6
silk_spot/silkspot_185.jpeg,6
silk_spot/silkspot_186.jpeg,6
silk_spot/silkspot_187.jpeg,6
silk_spot/silkspot_188.jpeg,6
silk_spot/silkspot_189.jpeg,6
silk_spot/silkspot_19.jpeg,6
silk_spot/silkspot_190.jpeg,6
silk_spot/silkspot_191.jpeg,6
silk_spot/silkspot_192.jpeg,6
silk_spot/silkspot_193.jpeg,6
silk_spot/silkspot_194.jpeg,6
silk_spot/silkspot_195.jpeg,6
silk_spot/silkspot_196.jpeg,6
silk_spot/silkspot_197.jpeg,6
silk_spot/silkspot_198.jpeg,6
silk_spot/silkspot_199.jpeg,6
silk_spot/silkspot_2.jpeg,6
silk_spot/silkspot_20.jpeg,6
silk_spot/silkspot_200.jpeg,6
silk_spot/silkspot_201.jpeg,6
silk_spot/silkspot_202.jpeg,6
silk_spot/silkspot_203.jpeg,6
silk_spot/silkspot_204.jpeg,6
silk_spot/silkspot_205.jpeg,6
silk_spot/silkspot_206.jpeg,6
silk_spot/silkspot_207.jpeg,6
silk_spot/silkspot_208.jpeg,6
silk_spot/silkspot_209.jpeg,6
silk_spot/silkspot_21.jpeg,6
silk_spot/silkspot_210.jpeg,6
silk_spot/silkspot_211.jpeg,6
silk_spot/silkspot_212.jpeg,6
silk_spot/silkspot_213.jpeg,6
silk_spot/silkspot_214.jpeg,6
silk_spot/silkspot_215.jpeg,6
silk_spot/silkspot_216.jpeg,6
silk_spot/silkspot_217.jpeg,6
silk_spot/silkspot_218.jpeg,6
silk_spot/silkspot_219.jpeg,6
silk_spot/silkspot_22.jpeg,6
silk_spot/silkspot_220.jpeg,6
silk_spot/silkspot_221.jpeg,6
silk_spot/silkspot_222.jpeg,6
silk_spot/silkspot_223.jpeg,6
silk_spot/silkspot_224.jpeg,6
silk_spot/silkspot_225.jpeg,6
silk_spot/silkspot_226.jpeg,6
silk_spot/silkspot_227.jpeg,6
silk_spot/silkspot_228.jpeg,6
silk_spot/silkspot_229.jpeg,6
silk_spot/silkspot_23.jpeg,6
silk_spot/silkspot_230.jpeg,6
silk_spot/silkspot_231.jpeg,6
silk_spot/silkspot_232.jpeg,6
silk_spot/silkspot_233.jpeg,6
silk_spot/silkspot_234.jpeg,6
silk_spot/silkspot_235.jpeg,6
silk_spot/silkspot_236.jpeg,6
silk_spot/silkspot_237.jpeg,6
silk_spot/silkspot_238.jpeg,6
silk_spot/silkspot_239.jpeg,6
silk_spot/silkspot_24.jpeg,6
silk_spot/silkspot_240.jpeg,6
silk_spot/silkspot_241.jpeg,6
silk_spot/silkspot_242.jpeg,6
silk_spot/silkspot_243.jpeg,6
silk_spot/silkspot_244.jpeg,6
silk_spot/silkspot_245.jpeg,6
silk_spot/silkspot_246.jpeg,6
silk_spot/silkspot_247.jpeg,6
silk_spot/silkspot_248.jpeg,6
silk_spot/silkspot_249.jpeg,6
silk_spot/silkspot_25.jpeg,6
silk_spot/silkspot_250.jpeg,6
silk_spot/silkspot_251.jpeg,6
silk_spot/silkspot_252.jpeg,6
silk_spot/silkspot_253.jpeg,6
silk_spot/silkspot_254.jpeg,6
silk_spot/silkspot_255.jpeg,6
silk_spot/silkspot_256.jpeg,6
silk_spot/silkspot_257.jpeg,6
silk_spot/silkspot_258.jpeg,6
silk_spot/silkspot_259.jpeg,6
silk_spot/silkspot_26.jpeg,6
silk_spot/silkspot_260.jpeg,6
silk_spot/silkspot_261.jpeg,6
silk_spot/silkspot_262.jpeg,6
silk_spot/silkspot_263.jpeg,6
silk_spot/silkspot_264.jpeg,6
silk_spot/silkspot_265.jpeg,6
silk_spot/silkspot_266.jpeg,6
silk_spot/silkspot_267.jpeg,6
silk_spot/silkspot_268.jpeg,6
silk_spot/silkspot_269.jpeg,6
silk_spot/silkspot_27.jpeg,6
silk_spot/silkspot_270.jpeg,6
silk_spot/silkspot_271.jpeg,6
silk_spot/silkspot_272.jpeg,6
silk_spot/silkspot_273.jpeg,6
silk_spot/silkspot_274.jpeg,6
silk_spot/silkspot_275.jpeg,6
silk_spot/silkspot_276.jpeg,6
silk_spot/silkspot_277.jpeg,6
silk_spot/silkspot_278.jpeg,6
silk_spot/silkspot_279.jpeg,6
silk_spot/silkspot_28.jpeg,6
silk_spot/silkspot_280.jpeg,6
silk_spot/silkspot_281.jpeg,6
silk_spot/silkspot_282.jpeg,6
silk_spot/silkspot_283.jpeg,6
silk_spot/silkspot_284.jpeg,6
silk_spot/silkspot_285.jpeg,6
silk_spot/silkspot_286.jpeg,6
silk_spot/silkspot_287.jpeg,6
silk_spot/silkspot_288.jpeg,6
silk_spot/silkspot_289.jpeg,6
silk_spot/silkspot_29.jpeg,6
silk_spot/silkspot_290.jpeg,6
silk_spot/silkspot_291.jpeg,6
silk_spot/silkspot_292.jpeg,6
silk_spot/silkspot_293.jpeg,6
silk_spot/silkspot_294.jpeg,6
silk_spot/silkspot_295.jpeg,6
silk_spot/silkspot_296.jpeg,6
silk_spot/silkspot_297.jpeg,6
silk_spot/silkspot_298.jpeg,6
silk_spot/silkspot_299.jpeg,6
silk_spot/silkspot_3.jpeg,6
silk_spot/silkspot_30.jpeg,6
silk_spot/silkspot_300.jpeg,6
silk_spot/silkspot_301.jpeg,6
silk_spot/silkspot_302.jpeg,6
silk_spot/silkspot_303.jpeg,6
silk_spot/silkspot_304.jpeg,6
silk_spot/silkspot_305.jpeg,6
silk_spot/silkspot_306.jpeg,6
silk_spot/silkspot_307.jpeg,6
silk_spot/silkspot_308.jpeg,6
silk_spot/silkspot_309.jpeg,6
silk_spot/silkspot_31.jpeg,6
silk_spot/silkspot_310.jpeg,6
silk_spot/silkspot_311.jpeg,6
silk_spot/silkspot_312.jpeg,6
silk_spot/silkspot_313.jpeg,6
silk_spot/silkspot_314.jpeg,6
silk_spot/silkspot_315.jpeg,6
silk_spot/silkspot_316.jpeg,6
silk_spot/silkspot_317.jpeg,6
silk_spot/silkspot_318.jpeg,6
silk_spot/silkspot_319.jpeg,6
silk_spot/silkspot_32.jpeg,6
silk_spot/silkspot_320.jpeg,6
silk_spot/silkspot_321.jpeg,6
silk_spot/silkspot_322.jpeg,6
silk_spot/silkspot_323.jpeg,6
silk_spot/silkspot_324.jpeg,6
silk_spot/silkspot_325.jpeg,6
silk_spot/silkspot_326.jpeg,6
silk_spot/silkspot_327.jpeg,6
silk_spot/silkspot_328.jpeg,6
silk_spot/silkspot_329.jpeg,6
silk_spot/silkspot_33.jpeg,6
silk_spot/silkspot_330.jpeg,6
silk_spot/silkspot_331.jpeg,6
silk_spot/silkspot_332.jpeg,6
silk_spot/silkspot_333.jpeg,6
silk_spot/silkspot_334.jpeg,6
silk_spot/silkspot_335.jpeg,6
silk_spot/silkspot_336.jpeg,6
silk_spot/silkspot_337.jpeg,6
silk_spot/silkspot_338.jpeg,6
silk_spot/silkspot_339.jpeg,6
silk_spot/silkspot_34.jpeg,6
silk_spot/silkspot_340.jpeg,6
silk_spot/silkspot_341.jpeg,6
silk_spot/silkspot_342.jpeg,6
silk_spot/silkspot_343.jpeg,6
silk_spot/silkspot_344.jpeg,6
silk_spot/silkspot_345.jpeg,6
silk_spot/silkspot_346.jpeg,6
silk_spot/silkspot_347.jpeg,6
silk_spot/silkspot_348.jpeg,6
silk_spot/silkspot_349.jpeg,6
silk_spot/silkspot_35.jpeg,6
silk_spot/silkspot_350.jpeg,6
silk_spot/silkspot_351.jpeg,6
silk_spot/silkspot_352.jpeg,6
silk_spot/silkspot_353.jpeg,6
silk_spot/silkspot_354.jpeg,6
silk_spot/silkspot_355.jpeg,6
silk_spot/silkspot_356.jpeg,6
silk_spot/silkspot_357.jpeg,6
silk_spot/silkspot_358.jpeg,6
silk_spot/silkspot_359.jpeg,6
silk_spot/silkspot_36.jpeg,6
silk_spot/silkspot_360.jpeg,6
silk_spot/silkspot_361.jpeg,6
silk_spot/silkspot_362.jpeg,6
silk_spot/silkspot_363.jpeg,6
silk_spot/silkspot_364.jpeg,6
silk_spot/silkspot_365.jpeg,6
silk_spot/silkspot_366.jpeg,6
silk_spot/silkspot_367.jpeg,6
silk_spot/silkspot_368.jpeg,6
silk_spot/silkspot_369.jpeg,6
silk_spot/silkspot_37.jpeg,6
silk_spot/silkspot_370.jpeg,6
silk_spot/silkspot_371.jpeg,6
silk_spot/silkspot_372.jpeg,6
silk_spot/silkspot_373.jpeg,6
silk_spot/silkspot_374.jpeg,6
silk_spot/silkspot_375.jpeg,6
silk_spot/silkspot_376.jpeg,6
silk_spot/silkspot_377.jpeg,6
silk_spot/silkspot_378.jpeg,6
silk_spot/silkspot_379.jpeg,6
silk_spot/silkspot_38.jpeg,6
silk_spot/silkspot_380.jpeg,6
silk_spot/silkspot_381.jpeg,6
silk_spot/silkspot_382.jpeg,6
silk_spot/silkspot_383.jpeg,6
silk_spot/silkspot_384.jpeg,6
silk_spot/silkspot_385.jpeg,6
silk_spot/silkspot_386.jpeg,6
silk_spot/silkspot_387.jpeg,6
silk_spot/silkspot_388.jpeg,6
silk_spot/silkspot_389.jpeg,6
silk_spot/silkspot_39.jpeg,6
silk_spot/silkspot_390.jpeg,6
silk_spot/silkspot_391.jpeg,6
silk_spot/silkspot_392.jpeg,6
silk_spot/silkspot_393.jpeg,6
silk_spot/silkspot_394.jpeg,6
silk_spot/silkspot_395.jpeg,6
silk_spot/silkspot_396.jpeg,6
silk_spot/silkspot_397.jpeg,6
silk_spot/silkspot_398.jpeg,6
silk_spot/silkspot_399.jpeg,6
silk_spot/silkspot_4.jpeg,6
silk_spot/silkspot_40.jpeg,6
silk_spot/silkspot_400.jpeg,6
silk_spot/silkspot_401.jpeg,6
silk_spot/silkspot_402.jpeg,6
silk_spot/silkspot_403.jpeg,6
silk_spot/silkspot_404.jpeg,6
silk_spot/silkspot_405.jpeg,6
silk_spot/silkspot_406.jpeg,6
silk_spot/silkspot_407.jpeg,6
silk_spot/silkspot_408.jpeg,6
silk_spot/silkspot_409.jpeg,6
silk_spot/silkspot_41.jpeg,6
silk_spot/silkspot_410.jpeg,6
silk_spot/silkspot_411.jpeg,6
silk_spot/silkspot_412.jpeg,6
silk_spot/silkspot_413.jpeg,6
silk_spot/silkspot_414.jpeg,6
silk_spot/silkspot_415.jpeg,6
silk_spot/silkspot_416.jpeg,6
silk_spot/silkspot_417.jpeg,6
silk_spot/silkspot_418.jpeg,6
silk_spot/silkspot_419.jpeg,6
silk_spot/silkspot_42.jpeg,6
silk_spot/silkspot_420.jpeg,6
silk_spot/silkspot_421.jpeg,6
silk_spot/silkspot_422.jpeg,6
silk_spot/silkspot_423.jpeg,6
silk_spot/silkspot_424.jpeg,6
silk_spot/silkspot_425.jpeg,6
silk_spot/silkspot_426.jpeg,6
silk_spot/silkspot_427.jpeg,6
silk_spot/silkspot_428.jpeg,6
silk_spot/silkspot_429.jpeg,6
silk_spot/silkspot_43.jpeg,6
silk_spot/silkspot_430.jpeg,6
silk_spot/silkspot_431.jpeg,6
silk_spot/silkspot_432.jpeg,6
silk_spot/silkspot_433.jpeg,6
silk_spot/silkspot_434.jpeg,6
silk_spot/silkspot_435.jpeg,6
silk_spot/silkspot_436.jpeg,6
silk_spot/silkspot_437.jpeg,6
silk_spot/silkspot_438.jpeg,6
silk_spot/silkspot_439.jpeg,6
silk_spot/silkspot_44.jpeg,6
silk_spot/silkspot_440.jpeg,6
silk_spot/silkspot_441.jpeg,6
silk_spot/silkspot_442.jpeg,6
silk_spot/silkspot_443.jpeg,6
silk_spot/silkspot_444.jpeg,6
silk_spot/silkspot_445.jpeg,6
silk_spot/silkspot_446.jpeg,6
silk_spot/silkspot_447.jpeg,6
silk_spot/silkspot_448.jpeg,6
silk_spot/silkspot_449.jpeg,6
silk_spot/silkspot_45.jpeg,6
silk_spot/silkspot_450.jpeg,6
silk_spot/silkspot_451.jpeg,6
silk_spot/silkspot_452.jpeg,6
silk_spot/silkspot_453.jpeg,6
silk_spot/silkspot_454.jpeg,6
silk_spot/silkspot_455.jpeg,6
silk_spot/silkspot_456.jpeg,6
silk_spot/silkspot_457.jpeg,6
silk_spot/silkspot_458.jpeg,6
silk_spot/silkspot_459.jpeg,6
silk_spot/silkspot_46.jpeg,6
silk_spot/silkspot_460.jpeg,6
silk_spot/silkspot_461.jpeg,6
silk_spot/silkspot_462.jpeg,6
silk_spot/silkspot_463.jpeg,6
silk_spot/silkspot_464.jpeg,6
silk_spot/silkspot_465.jpeg,6
silk_spot/silkspot_466.jpeg,6
silk_spot/silkspot_467.jpeg,6
silk_spot/silkspot_468.jpeg,6
silk_spot/silkspot_469.jpeg,6
silk_spot/silkspot_47.jpeg,6
silk_spot/silkspot_470.jpeg,6
silk_spot/silkspot_471.jpeg,6
silk_spot/silkspot_472.jpeg,6
silk_spot/silkspot_473.jpeg,6
silk_spot/silkspot_474.jpeg,6
silk_spot/silkspot_475.jpeg,6
silk_spot/silkspot_476.jpeg,6
silk_spot/silkspot_477.jpeg,6
silk_spot/silkspot_478.jpeg,6
silk_spot/silkspot_479.jpeg,6
silk_spot/silkspot_48.jpeg,6
silk_spot/silkspot_480.jpeg,6
silk_spot/silkspot_481.jpeg,6
silk_spot/silkspot_482.jpeg,6
silk_spot/silkspot_483.jpeg,6
silk_spot/silkspot_484.jpeg,6
silk_spot/silkspot_485.jpeg,6
silk_spot/silkspot_486.jpeg,6
silk_spot/silkspot_487.jpeg,6
silk_spot/silkspot_488.jpeg,6
silk_spot/silkspot_489.jpeg,6
silk_spot/silkspot_49.jpeg,6
silk_spot/silkspot_490.jpeg,6
silk_spot/silkspot_491.jpeg,6
silk_spot/silkspot_492.jpeg,6
silk_spot/silkspot_493.jpeg,6
silk_spot/silkspot_494.jpeg,6
silk_spot/silkspot_495.jpeg,6
silk_spot/silkspot_496.jpeg,6
silk_spot/silkspot_497.jpeg,6
silk_spot/silkspot_498.jpeg,6
silk_spot/silkspot_499.jpeg,6
silk_spot/silkspot_5.jpeg,6
silk_spot/silkspot_50.jpeg,6
silk_spot/silkspot_500.jpeg,6
silk_spot/silkspot_501.jpeg,6
silk_spot/silkspot_502.jpeg,6
silk_spot/silkspot_503.jpeg,6
silk_spot/silkspot_504.jpeg,6
silk_spot/silkspot_505.jpeg,6
silk_spot/silkspot_506.jpeg,6
silk_spot/silkspot_507.jpeg,6
silk_spot/silkspot_508.jpeg,6
silk_spot/silkspot_509.jpeg,6
silk_spot/silkspot_51.jpeg,6
silk_spot/silkspot_510.jpeg,6
silk_spot/silkspot_511.jpeg,6
silk_spot/silkspot_512.jpeg,6
silk_spot/silkspot_513.jpeg,6
silk_spot/silkspot_514.jpeg,6
silk_spot/silkspot_515.jpeg,6
silk_spot/silkspot_516.jpeg,6
silk_spot/silkspot_517.jpeg,6
silk_spot/silkspot_518.jpeg,6
silk_spot/silkspot_519.jpeg,6
silk_spot/silkspot_52.jpeg,6
silk_spot/silkspot_520.jpeg,6
silk_spot/silkspot_521.jpeg,6
silk_spot/silkspot_522.jpeg,6
silk_spot/silkspot_523.jpeg,6
silk_spot/silkspot_524.jpeg,6
silk_spot/silkspot_525.jpeg,6
silk_spot/silkspot_526.jpeg,6
silk_spot/silkspot_527.jpeg,6
silk_spot/silkspot_528.jpeg,6
silk_spot/silkspot_529.jpeg,6
silk_spot/silkspot_53.jpeg,6
silk_spot/silkspot_530.jpeg,6
silk_spot/silkspot_531.jpeg,6
silk_spot/silkspot_532.jpeg,6
silk_spot/silkspot_533.jpeg,6
silk_spot/silkspot_534.jpeg,6
silk_spot/silkspot_535.jpeg,6
silk_spot/silkspot_536.jpeg,6
silk_spot/silkspot_537.jpeg,6
silk_spot/silkspot_538.jpeg,6
silk_spot/silkspot_539.jpeg,6
silk_spot/silkspot_54.jpeg,6
silk_spot/silkspot_540.jpeg,6
silk_spot/silkspot_541.jpeg,6
silk_spot/silkspot_542.jpeg,6
silk_spot/silkspot_543.jpeg,6
silk_spot/silkspot_544.jpeg,6
silk_spot/silkspot_545.jpeg,6
silk_spot/silkspot_546.jpeg,6
silk_spot/silkspot_547.jpeg,6
silk_spot/silkspot_548.jpeg,6
silk_spot/silkspot_549.jpeg,6
silk_spot/silkspot_55.jpeg,6
silk_spot/silkspot_550.jpeg,6
silk_spot/silkspot_551.jpeg,6
silk_spot/silkspot_552.jpeg,6
silk_spot/silkspot_553.jpeg,6
silk_spot/silkspot_554.jpeg,6
silk_spot/silkspot_555.jpeg,6
silk_spot/silkspot_556.jpeg,6
silk_spot/silkspot_557.jpeg,6
silk_spot/silkspot_558.jpeg,6
silk_spot/silkspot_559.jpeg,6
silk_spot/silkspot_56.jpeg,6
silk_spot/silkspot_560.jpeg,6
silk_spot/silkspot_561.jpeg,6
silk_spot/silkspot_562.jpeg,6
silk_spot/silkspot_563.jpeg,6
silk_spot/silkspot_564.jpeg,6
silk_spot/silkspot_565.jpeg,6
silk_spot/silkspot_566.jpeg,6
silk_spot/silkspot_567.jpeg,6
silk_spot/silkspot_568.jpeg,6
silk_spot/silkspot_569.jpeg,6
silk_spot/silkspot_57.jpeg,6
silk_spot/silkspot_570.jpeg,6
silk_spot/silkspot_571.jpeg,6
silk_spot/silkspot_572.jpeg,6
silk_spot/silkspot_573.jpeg,6
silk_spot/silkspot_574.jpeg,6
silk_spot/silkspot_575.jpeg,6
silk_spot/silkspot_576.jpeg,6
silk_spot/silkspot_577.jpeg,6
silk_spot/silkspot_578.jpeg,6
silk_spot/silkspot_579.jpeg,6
silk_spot/silkspot_58.jpeg,6
silk_spot/silkspot_580.jpeg,6
silk_spot/silkspot_581.jpeg,6
silk_spot/silkspot_582.jpeg,6
silk_spot/silkspot_583.jpeg,6
silk_spot/silkspot_584.jpeg,6
silk_spot/silkspot_585.jpeg,6
silk_spot/silkspot_586.jpeg,6
silk_spot/silkspot_587.jpeg,6
silk_spot/silkspot_588.jpeg,6
silk_spot/silkspot_589.jpeg,6
silk_spot/silkspot_59.jpeg,6
silk_spot/silkspot_590.jpeg,6
silk_spot/silkspot_591.jpeg,6
silk_spot/silkspot_592.jpeg,6
silk_spot/silkspot_593.jpeg,6
silk_spot/silkspot_594.jpeg,6
silk_spot/silkspot_595.jpeg,6
silk_spot/silkspot_596.jpeg,6
silk_spot/silkspot_597.jpeg,6
silk_spot/silkspot_598.jpeg,6
silk_spot/silkspot_599.jpeg,6
silk_spot/silkspot_6.jpeg,6
silk_spot/silkspot_60.jpeg,6
silk_spot/silkspot_600.jpeg,6
silk_spot/silkspot_601.jpeg,6
silk_spot/silkspot_602.jpeg,6
silk_spot/silkspot_603.jpeg,6
silk_spot/silkspot_604.jpeg,6
silk_spot/silkspot_605.jpeg,6
silk_spot/silkspot_606.jpeg,6
silk_spot/silkspot_607.jpeg,6
silk_spot/silkspot_608.jpeg,6
silk_spot/silkspot_609.jpeg,6
silk_spot/silkspot_61.jpeg,6
silk_spot/silkspot_610.jpeg,6
silk_spot/silkspot_611.jpeg,6
silk_spot/silkspot_612.jpeg,6
silk_spot/silkspot_613.jpeg,6
silk_spot/silkspot_614.jpeg,6
silk_spot/silkspot_615.jpeg,6
silk_spot/silkspot_616.jpeg,6
silk_spot/silkspot_617.jpeg,6
silk_spot/silkspot_618.jpeg,6
silk_spot/silkspot_619.jpeg,6
silk_spot/silkspot_62.jpeg,6
silk_spot/silkspot_620.jpeg,6
silk_spot/silkspot_621.jpeg,6
silk_spot/silkspot_622.jpeg,6
silk_spot/silkspot_623.jpeg,6
silk_spot/silkspot_624.jpeg,6
silk_spot/silkspot_625.jpeg,6
silk_spot/silkspot_626.jpeg,6
silk_spot/silkspot_627.jpeg,6
silk_spot/silkspot_628.jpeg,6
silk_spot/silkspot_629.jpeg,6
silk_spot/silkspot_63.jpeg,6
silk_spot/silkspot_630.jpeg,6
silk_spot/silkspot_631.jpeg,6
silk_spot/silkspot_632.jpeg,6
silk_spot/silkspot_633.jpeg,6
silk_spot/silkspot_634.jpeg,6
silk_spot/silkspot_635.jpeg,6
silk_spot/silkspot_636.jpeg,6
silk_spot/silkspot_637.jpeg,6
silk_spot/silkspot_638.jpeg,6
silk_spot/silkspot_639.jpeg,6
silk_spot/silkspot_64.jpeg,6
silk_spot/silkspot_640.jpeg,6
silk_spot/silkspot_641.jpeg,6
silk_spot/silkspot_642.jpeg,6
silk_spot/silkspot_643.jpeg,6
silk_spot/silkspot_644.jpeg,6
silk_spot/silkspot_645.jpeg,6
silk_spot/silkspot_646.jpeg,6
silk_spot/silkspot_647.jpeg,6
silk_spot/silkspot_648.jpeg,6
silk_spot/silkspot_649.jpeg,6
silk_spot/silkspot_65.jpeg,6
silk_spot/silkspot_66.jpeg,6
silk_spot/silkspot_67.jpeg,6
silk_spot/silkspot_68.jpeg,6
silk_spot/silkspot_69.jpeg,6
silk_spot/silkspot_7.jpeg,6
silk_spot/silkspot_70.jpeg,6
silk_spot/silkspot_71.jpeg,6
silk_spot/silkspot_72.jpeg,6
silk_spot/silkspot_73.jpeg,6
silk_spot/silkspot_74.jpeg,6
silk_spot/silkspot_75.jpeg,6
silk_spot/silkspot_76.jpeg,6
silk_spot/silkspot_77.jpeg,6
silk_spot/silkspot_78.jpeg,6
silk_spot/silkspot_79.jpeg,6
silk_spot/silkspot_8.jpeg,6
silk_spot/silkspot_80.jpeg,6
silk_spot/silkspot_81.jpeg,6
silk_spot/silkspot_82.jpeg,6
silk_spot/silkspot_83.jpeg,6
silk_spot/silkspot_84.jpeg,6
silk_spot/silkspot_85.jpeg,6
silk_spot/silkspot_86.jpeg,6
silk_spot/silkspot_87.jpeg,6
silk_spot/silkspot_88.jpeg,6
silk_spot/silkspot_89.jpeg,6
silk_spot/silkspot_9.jpeg,6
silk_spot/silkspot_90.jpeg,6
silk_spot/silkspot_91.jpeg,6
silk_spot/silkspot_92.jpeg,6
silk_spot/silkspot_93.jpeg,6
silk_spot/silkspot_94.jpeg,6
silk_spot/silkspot_95.jpeg,6
silk_spot/silkspot_96.jpeg,6
silk_spot/silkspot_97.jpeg,6
silk_spot/silkspot_98.jpeg,6
silk_spot/silkspot_99.jpeg,6
waist_folding/waistfolding_0.jpeg,7
waist_folding/waistfolding_1.jpeg,7
waist_folding/waistfolding_10.jpeg,7
waist_folding/waistfolding_100.jpeg,7
waist_folding/waistfolding_101.jpeg,7
waist_folding/waistfolding_102.jpeg,7
waist_folding/waistfolding_103.jpeg,7
waist_folding/waistfolding_104.jpeg,7
waist_folding/waistfolding_105.jpeg,7
waist_folding/waistfolding_106.jpeg,7
waist_folding/waistfolding_107.jpeg,7
waist_folding/waistfolding_108.jpeg,7
waist_folding/waistfolding_109.jpeg,7
waist_folding/waistfolding_11.jpeg,7
waist_folding/waistfolding_110.jpeg,7
waist_folding/waistfolding_111.jpeg,7
waist_folding/waistfolding_112.jpeg,7
waist_folding/waistfolding_113.jpeg,7
waist_folding/waistfolding_114.jpeg,7
waist_folding/waistfolding_115.jpeg,7
waist_folding/waistfolding_116.jpeg,7
waist_folding/waistfolding_117.jpeg,7
waist_folding/waistfolding_118.jpeg,7
waist_folding/waistfolding_119.jpeg,7
waist_folding/waistfolding_12.jpeg,7
waist_folding/waistfolding_120.jpeg,7
waist_folding/waistfolding_121.jpeg,7
waist_folding/waistfolding_122.jpeg,7
waist_folding/waistfolding_123.jpeg,7
waist_folding/waistfolding_124.jpeg,7
waist_folding/waistfolding_125.jpeg,7
waist_folding/waistfolding_126.jpeg,7
waist_folding/waistfolding_127.jpeg,7
waist_folding/waistfolding_128.jpeg,7
waist_folding/waistfolding_129.jpeg,7
waist_folding/waistfolding_13.jpeg,7
waist_folding/waistfolding_130.jpeg,7
waist_folding/waistfolding_131.jpeg,7
waist_folding/waistfolding_132.jpeg,7
waist_folding/waistfolding_133.jpeg,7
waist_folding/waistfolding_134.jpeg,7
waist_folding/waistfolding_135.jpeg,7
waist_folding/waistfolding_136.jpeg,7
waist_folding/waistfolding_137.jpeg,7
waist_folding/waistfolding_138.jpeg,7
waist_folding/waistfolding_139.jpeg,7
waist_folding/waistfolding_14.jpeg,7
waist_folding/waistfolding_140.jpeg,7
waist_folding/waistfolding_141.jpeg,7
waist_folding/waistfolding_142.jpeg,7
waist_folding/waistfolding_143.jpeg,7
waist_folding/waistfolding_144.jpeg,7
waist_folding/waistfolding_145.jpeg,7
waist_folding/waistfolding_15.jpeg,7
waist_folding/waistfolding_16.jpeg,7
waist_folding/waistfolding_17.jpeg,7
waist_folding/waistfolding_18.jpeg,7
waist_folding/waistfolding_19.jpeg,7
waist_folding/waistfolding_2.jpeg,7
waist_folding/waistfolding_20.jpeg,7
waist_folding/waistfolding_21.jpeg,7
waist_folding/waistfolding_22.jpeg,7
waist_folding/waistfolding_23.jpeg,7
waist_folding/waistfolding_24.jpeg,7
waist_folding/waistfolding_25.jpeg,7
waist_folding/waistfolding_26.jpeg,7
waist_folding/waistfolding_27.jpeg,7
waist_folding/waistfolding_28.jpeg,7
waist_folding/waistfolding_29.jpeg,7
waist_folding/waistfolding_3.jpeg,7
waist_folding/waistfolding_30.jpeg,7
waist_folding/waistfolding_31.jpeg,7
waist_folding/waistfolding_32.jpeg,7
waist_folding/waistfolding_33.jpeg,7
waist_folding/waistfolding_34.jpeg,7
waist_folding/waistfolding_35.jpeg,7
waist_folding/waistfolding_36.jpeg,7
waist_folding/waistfolding_37.jpeg,7
waist_folding/waistfolding_38.jpeg,7
waist_folding/waistfolding_39.jpeg,7
waist_folding/waistfolding_4.jpeg,7
waist_folding/waistfolding_40.jpeg,7
waist_folding/waistfolding_41.jpeg,7
waist_folding/waistfolding_42.jpeg,7
waist_folding/waistfolding_43.jpeg,7
waist_folding/waistfolding_44.jpeg,7
waist_folding/waistfolding_45.jpeg,7
waist_folding/waistfolding_46.jpeg,7
waist_folding/waistfolding_47.jpeg,7
waist_folding/waistfolding_48.jpeg,7
waist_folding/waistfolding_49.jpeg,7
waist_folding/waistfolding_5.jpeg,7
waist_folding/waistfolding_50.jpeg,7
waist_folding/waistfolding_51.jpeg,7
waist_folding/waistfolding_52.jpeg,7
waist_folding/waistfolding_53.jpeg,7
waist_folding/waistfolding_54.jpeg,7
waist_folding/waistfolding_55.jpeg,7
waist_folding/waistfolding_56.jpeg,7
waist_folding/waistfolding_57.jpeg,7
waist_folding/waistfolding_58.jpeg,7
waist_folding/waistfolding_59.jpeg,7
waist_folding/waistfolding_6.jpeg,7
waist_folding/waistfolding_60.jpeg,7
waist_folding/waistfolding_61.jpeg,7
waist_folding/waistfolding_62.jpeg,7
waist_folding/waistfolding_63.jpeg,7
waist_folding/waistfolding_64.jpeg,7
waist_folding/waistfolding_65.jpeg,7
waist_folding/waistfolding_66.jpeg,7
waist_folding/waistfolding_67.jpeg,7
waist_folding/waistfolding_68.jpeg,7
waist_folding/waistfolding_69.jpeg,7
waist_folding/waistfolding_7.jpeg,7
waist_folding/waistfolding_70.jpeg,7
waist_folding/waistfolding_71.jpeg,7
waist_folding/waistfolding_72.jpeg,7
waist_folding/waistfolding_73.jpeg,7
waist_folding/waistfolding_74.jpeg,7
waist_folding/waistfolding_75.jpeg,7
waist_folding/waistfolding_76.jpeg,7
waist_folding/waistfolding_77.jpeg,7
waist_folding/waistfolding_78.jpeg,7
waist_folding/waistfolding_79.jpeg,7
waist_folding/waistfolding_8.jpeg,7
waist_folding/waistfolding_80.jpeg,7
waist_folding/waistfolding_81.jpeg,7
waist_folding/waistfolding_82.jpeg,7
waist_folding/waistfolding_83.jpeg,7
waist_folding/waistfolding_84.jpeg,7
waist_folding/waistfolding_85.jpeg,7
waist_folding/waistfolding_86.jpeg,7
waist_folding/waistfolding_87.jpeg,7
waist_folding/waistfolding_88.jpeg,7
waist_folding/waistfolding_89.jpeg,7
waist_folding/waistfolding_9.jpeg,7
waist_folding/waistfolding_90.jpeg,7
waist_folding/waistfolding_91.jpeg,7
waist_folding/waistfolding_92.jpeg,7
waist_folding/waistfolding_93.jpeg,7
waist_folding/waistfolding_94.jpeg,7
waist_folding/waistfolding_95.jpeg,7
waist_folding/waistfolding_96.jpeg,7
waist_folding/waistfolding_97.jpeg,7
waist_folding/waistfolding_98.jpeg,7
waist_folding/waistfolding_99.jpeg,7
water_spot/waterspot_0.jpeg,8
water_spot/waterspot_1.jpeg,8
water_spot/waterspot_10.jpeg,8
water_spot/waterspot_100.jpeg,8
water_spot/waterspot_101.jpeg,8
water_spot/waterspot_102.jpeg,8
water_spot/waterspot_103.jpeg,8
water_spot/waterspot_104.jpeg,8
water_spot/waterspot_105.jpeg,8
water_spot/waterspot_106.jpeg,8
water_spot/waterspot_107.jpeg,8
water_spot/waterspot_108.jpeg,8
water_spot/waterspot_109.jpeg,8
water_spot/waterspot_11.jpeg,8
water_spot/waterspot_110.jpeg,8
water_spot/waterspot_111.jpeg,8
water_spot/waterspot_112.jpeg,8
water_spot/waterspot_113.jpeg,8
water_spot/waterspot_114.jpeg,8
water_spot/waterspot_115.jpeg,8
water_spot/waterspot_116.jpeg,8
water_spot/waterspot_117.jpeg,8
water_spot/waterspot_118.jpeg,8
water_spot/waterspot_119.jpeg,8
water_spot/waterspot_12.jpeg,8
water_spot/waterspot_120.jpeg,8
water_spot/waterspot_121.jpeg,8
water_spot/waterspot_122.jpeg,8
water_spot/waterspot_123.jpeg,8
water_spot/waterspot_124.jpeg,8
water_spot/waterspot_125.jpeg,8
water_spot/waterspot_126.jpeg,8
water_spot/waterspot_127.jpeg,8
water_spot/waterspot_128.jpeg,8
water_spot/waterspot_129.jpeg,8
water_spot/waterspot_13.jpeg,8
water_spot/waterspot_130.jpeg,8
water_spot/waterspot_131.jpeg,8
water_spot/waterspot_132.jpeg,8
water_spot/waterspot_133.jpeg,8
water_spot/waterspot_134.jpeg,8
water_spot/waterspot_135.jpeg,8
water_spot/waterspot_136.jpeg,8
water_spot/waterspot_137.jpeg,8
water_spot/waterspot_138.jpeg,8
water_spot/waterspot_139.jpeg,8
water_spot/waterspot_14.jpeg,8
water_spot/waterspot_140.jpeg,8
water_spot/waterspot_141.jpeg,8
water_spot/waterspot_142.jpeg,8
water_spot/waterspot_143.jpeg,8
water_spot/waterspot_144.jpeg,8
water_spot/waterspot_145.jpeg,8
water_spot/waterspot_146.jpeg,8
water_spot/waterspot_147.jpeg,8
water_spot/waterspot_148.jpeg,8
water_spot/waterspot_149.jpeg,8
water_spot/waterspot_15.jpeg,8
water_spot/waterspot_150.jpeg,8
water_spot/waterspot_151.jpeg,8
water_spot/waterspot_152.jpeg,8
water_spot/waterspot_153.jpeg,8
water_spot/waterspot_154.jpeg,8
water_spot/waterspot_155.jpeg,8
water_spot/waterspot_156.jpeg,8
water_spot/waterspot_157.jpeg,8
water_spot/waterspot_158.jpeg,8
water_spot/waterspot_159.jpeg,8
water_spot/waterspot_16.jpeg,8
water_spot/waterspot_160.jpeg,8
water_spot/waterspot_161.jpeg,8
water_spot/waterspot_162.jpeg,8
water_spot/waterspot_163.jpeg,8
water_spot/waterspot_164.jpeg,8
water_spot/waterspot_165.jpeg,8
water_spot/waterspot_166.jpeg,8
water_spot/waterspot_167.jpeg,8
water_spot/waterspot_168.jpeg,8
water_spot/waterspot_169.jpeg,8
water_spot/waterspot_17.jpeg,8
water_spot/waterspot_170.jpeg,8
water_spot/waterspot_171.jpeg,8
water_spot/waterspot_172.jpeg,8
water_spot/waterspot_173.jpeg,8
water_spot/waterspot_174.jpeg,8
water_spot/waterspot_175.jpeg,8
water_spot/waterspot_176.jpeg,8
water_spot/waterspot_177.jpeg,8
water_spot/waterspot_178.jpeg,8
water_spot/waterspot_179.jpeg,8
water_spot/waterspot_18.jpeg,8
water_spot/waterspot_180.jpeg,8
water_spot/waterspot_181.jpeg,8
water_spot/waterspot_182.jpeg,8
water_spot/waterspot_183.jpeg,8
water_spot/waterspot_184.jpeg,8
water_spot/waterspot_185.jpeg,8
water_spot/waterspot_186.jpeg,8
water_spot/waterspot_187.jpeg,8
water_spot/waterspot_188.jpeg,8
water_spot/waterspot_189.jpeg,8
water_spot/waterspot_19.jpeg,8
water_spot/waterspot_190.jpeg,8
water_spot/waterspot_191.jpeg,8
water_spot/waterspot_192.jpeg,8
water_spot/waterspot_193.jpeg,8
water_spot/waterspot_194.jpeg,8
water_spot/waterspot_195.jpeg,8
water_spot/waterspot_196.jpeg,8
water_spot/waterspot_197.jpeg,8
water_spot/waterspot_198.jpeg,8
water_spot/waterspot_199.jpeg,8
water_spot/waterspot_2.jpeg,8
water_spot/waterspot_20.jpeg,8
water_spot/waterspot_200.jpeg,8
water_spot/waterspot_201.jpeg,8
water_spot/waterspot_202.jpeg,8
water_spot/waterspot_203.jpeg,8
water_spot/waterspot_204.jpeg,8
water_spot/waterspot_205.jpeg,8
water_spot/waterspot_206.jpeg,8
water_spot/waterspot_207.jpeg,8
water_spot/waterspot_208.jpeg,8
water_spot/waterspot_209.jpeg,8
water_spot/waterspot_21.jpeg,8
water_spot/waterspot_210.jpeg,8
water_spot/waterspot_211.jpeg,8
water_spot/waterspot_212.jpeg,8
water_spot/waterspot_213.jpeg,8
water_spot/waterspot_214.jpeg,8
water_spot/waterspot_215.jpeg,8
water_spot/waterspot_216.jpeg,8
water_spot/waterspot_217.jpeg,8
water_spot/waterspot_218.jpeg,8
water_spot/waterspot_219.jpeg,8
water_spot/waterspot_22.jpeg,8
water_spot/waterspot_220.jpeg,8
water_spot/waterspot_221.jpeg,8
water_spot/waterspot_222.jpeg,8
water_spot/waterspot_223.jpeg,8
water_spot/waterspot_224.jpeg,8
water_spot/waterspot_225.jpeg,8
water_spot/waterspot_226.jpeg,8
water_spot/waterspot_227.jpeg,8
water_spot/waterspot_228.jpeg,8
water_spot/waterspot_229.jpeg,8
water_spot/waterspot_23.jpeg,8
water_spot/waterspot_230.jpeg,8
water_spot/waterspot_231.jpeg,8
water_spot/waterspot_232.jpeg,8
water_spot/waterspot_233.jpeg,8
water_spot/waterspot_234.jpeg,8
water_spot/waterspot_235.jpeg,8
water_spot/waterspot_236.jpeg,8
water_spot/waterspot_237.jpeg,8
water_spot/waterspot_238.jpeg,8
water_spot/waterspot_239.jpeg,8
water_spot/waterspot_24.jpeg,8
water_spot/waterspot_240.jpeg,8
water_spot/waterspot_241.jpeg,8
water_spot/waterspot_242.jpeg,8
water_spot/waterspot_243.jpeg,8
water_spot/waterspot_244.jpeg,8
water_spot/waterspot_245.jpeg,8
water_spot/waterspot_246.jpeg,8
water_spot/waterspot_247.jpeg,8
water_spot/waterspot_248.jpeg,8
water_spot/waterspot_249.jpeg,8
water_spot/waterspot_25.jpeg,8
water_spot/waterspot_250.jpeg,8
water_spot/waterspot_251.jpeg,8
water_spot/waterspot_252.jpeg,8
water_spot/waterspot_253.jpeg,8
water_spot/waterspot_254.jpeg,8
water_spot/waterspot_255.jpeg,8
water_spot/waterspot_256.jpeg,8
water_spot/waterspot_257.jpeg,8
water_spot/waterspot_258.jpeg,8
water_spot/waterspot_259.jpeg,8
water_spot/waterspot_26.jpeg,8
water_spot/waterspot_260.jpeg,8
water_spot/waterspot_261.jpeg,8
water_spot/waterspot_262.jpeg,8
water_spot/waterspot_263.jpeg,8
water_spot/waterspot_264.jpeg,8
water_spot/waterspot_265.jpeg,8
water_spot/waterspot_266.jpeg,8
water_spot/waterspot_267.jpeg,8
water_spot/waterspot_268.jpeg,8
water_spot/waterspot_269.jpeg,8
water_spot/waterspot_27.jpeg,8
water_spot/waterspot_270.jpeg,8
water_spot/waterspot_271.jpeg,8
water_spot/waterspot_272.jpeg,8
water_spot/waterspot_273.jpeg,8
water_spot/waterspot_274.jpeg,8
water_spot/waterspot_275.jpeg,8
water_spot/waterspot_276.jpeg,8
water_spot/waterspot_277.jpeg,8
water_spot/waterspot_278.jpeg,8
water_spot/waterspot_279.jpeg,8
water_spot/waterspot_28.jpeg,8
water_spot/waterspot_280.jpeg,8
water_spot/waterspot_281.jpeg,8
water_spot/waterspot_282.jpeg,8
water_spot/waterspot_283.jpeg,8
water_spot/waterspot_284.jpeg,8
water_spot/waterspot_285.jpeg,8
water_spot/waterspot_286.jpeg,8
water_spot/waterspot_287.jpeg,8
water_spot/waterspot_288.jpeg,8
water_spot/waterspot_29.jpeg,8
water_spot/waterspot_3.jpeg,8
water_spot/waterspot_30.jpeg,8
water_spot/waterspot_31.jpeg,8
water_spot/waterspot_32.jpeg,8
water_spot/waterspot_33.jpeg,8
water_spot/waterspot_34.jpeg,8
water_spot/waterspot_35.jpeg,8
water_spot/waterspot_36.jpeg,8
water_spot/waterspot_37.jpeg,8
water_spot/waterspot_38.jpeg,8
water_spot/waterspot_39.jpeg,8
water_spot/waterspot_4.jpeg,8
water_spot/waterspot_40.jpeg,8
water_spot/waterspot_41.jpeg,8
water_spot/waterspot_42.jpeg,8
water_spot/waterspot_43.jpeg,8
water_spot/waterspot_44.jpeg,8
water_spot/waterspot_45.jpeg,8
water_spot/waterspot_46.jpeg,8
water_spot/waterspot_47.jpeg,8
water_spot/waterspot_48.jpeg,8
water_spot/waterspot_49.jpeg,8
water_spot/waterspot_5.jpeg,8
water_spot/waterspot_50.jpeg,8
water_spot/waterspot_51.jpeg,8
water_spot/waterspot_52.jpeg,8
water_spot/waterspot_53.jpeg,8
water_spot/waterspot_54.jpeg,8
water_spot/waterspot_55.jpeg,8
water_spot/waterspot_56.jpeg,8
water_spot/waterspot_57.jpeg,8
water_spot/waterspot_58.jpeg,8
water_spot/waterspot_59.jpeg,8
water_spot/waterspot_6.jpeg,8
water_spot/waterspot_60.jpeg,8
water_spot/waterspot_61.jpeg,8
water_spot/waterspot_62.jpeg,8
water_spot/waterspot_63.jpeg,8
water_spot/waterspot_64.jpeg,8
water_spot/waterspot_65.jpeg,8
water_spot/waterspot_66.jpeg,8
water_spot/waterspot_67.jpeg,8
water_spot/waterspot_68.jpeg,8
water_spot/waterspot_69.jpeg,8
water_spot/waterspot_7.jpeg,8
water_spot/waterspot_70.jpeg,8
water_spot/waterspot_71.jpeg,8
water_spot/waterspot_72.jpeg,8
water_spot/waterspot_73.jpeg,8
water_spot/waterspot_74.jpeg,8
water_spot/waterspot_75.jpeg,8
water_spot/waterspot_76.jpeg,8
water_spot/waterspot_77.jpeg,8
water_spot/waterspot_78.jpeg,8
water_spot/waterspot_79.jpeg,8
water_spot/waterspot_8.jpeg,8
water_spot/waterspot_80.jpeg,8
water_spot/waterspot_81.jpeg,8
water_spot/waterspot_82.jpeg,8
water_spot/waterspot_83.jpeg,8
water_spot/waterspot_84.jpeg,8
water_spot/waterspot_85.jpeg,8
water_spot/waterspot_86.jpeg,8
water_spot/waterspot_87.jpeg,8
water_spot/waterspot_88.jpeg,8
water_spot/waterspot_89.jpeg,8
water_spot/waterspot_9.jpeg,8
water_spot/waterspot_90.jpeg,8
water_spot/waterspot_91.jpeg,8
water_spot/waterspot_92.jpeg,8
water_spot/waterspot_93.jpeg,8
water_spot/waterspot_94.jpeg,8
water_spot/waterspot_95.jpeg,8
water_spot/waterspot_96.jpeg,8
water_spot/waterspot_97.jpeg,8
water_spot/waterspot_98.jpeg,8
water_spot/waterspot_99.jpeg,8
welding_line/weldingline_0.jpeg,9
welding_line/weldingline_1.jpeg,9
welding_line/weldingline_10.jpeg,9
welding_line/weldingline_100.jpeg,9
welding_line/weldingline_101.jpeg,9
welding_line/weldingline_102.jpeg,9
welding_line/weldingline_103.jpeg,9
welding_line/weldingline_104.jpeg,9
welding_line/weldingline_105.jpeg,9
welding_line/weldingline_106.jpeg,9
welding_line/weldingline_107.jpeg,9
welding_line/weldingline_108.jpeg,9
welding_line/weldingline_109.jpeg,9
welding_line/weldingline_11.jpeg,9
welding_line/weldingline_110.jpeg,9
welding_line/weldingline_111.jpeg,9
welding_line/weldingline_112.jpeg,9
welding_line/weldingline_113.jpeg,9
welding_line/weldingline_114.jpeg,9
welding_line/weldingline_115.jpeg,9
welding_line/weldingline_116.jpeg,9
welding_line/weldingline_117.jpeg,9
welding_line/weldingline_118.jpeg,9
welding_line/weldingline_119.jpeg,9
welding_line/weldingline_12.jpeg,9
welding_line/weldingline_120.jpeg,9
welding_line/weldingline_121.jpeg,9
welding_line/weldingline_122.jpeg,9
welding_line/weldingline_123.jpeg,9
welding_line/weldingline_124.jpeg,9
welding_line/weldingline_125.jpeg,9
welding_line/weldingline_126.jpeg,9
welding_line/weldingline_127.jpeg,9
welding_line/weldingline_128.jpeg,9
welding_line/weldingline_129.jpeg,9
welding_line/weldingline_13.jpeg,9
welding_line/weldingline_130.jpeg,9
welding_line/weldingline_131.jpeg,9
welding_line/weldingline_132.jpeg,9
welding_line/weldingline_133.jpeg,9
welding_line/weldingline_134.jpeg,9
welding_line/weldingline_135.jpeg,9
welding_line/weldingline_136.jpeg,9
welding_line/weldingline_137.jpeg,9
welding_line/weldingline_138.jpeg,9
welding_line/weldingline_139.jpeg,9
welding_line/weldingline_14.jpeg,9
welding_line/weldingline_140.jpeg,9
welding_line/weldingline_141.jpeg,9
welding_line/weldingline_142.jpeg,9
welding_line/weldingline_143.jpeg,9
welding_line/weldingline_144.jpeg,9
welding_line/weldingline_145.jpeg,9
welding_line/weldingline_146.jpeg,9
welding_line/weldingline_147.jpeg,9
welding_line/weldingline_148.jpeg,9
welding_line/weldingline_149.jpeg,9
welding_line/weldingline_15.jpeg,9
welding_line/weldingline_150.jpeg,9
welding_line/weldingline_151.jpeg,9
welding_line/weldingline_152.jpeg,9
welding_line/weldingline_153.jpeg,9
welding_line/weldingline_154.jpeg,9
welding_line/weldingline_155.jpeg,9
welding_line/weldingline_156.jpeg,9
welding_line/weldingline_157.jpeg,9
welding_line/weldingline_158.jpeg,9
welding_line/weldingline_159.jpeg,9
welding_line/weldingline_16.jpeg,9
welding_line/weldingline_160.jpeg,9
welding_line/weldingline_161.jpeg,9
welding_line/weldingline_162.jpeg,9
welding_line/weldingline_163.jpeg,9
welding_line/weldingline_164.jpeg,9
welding_line/weldingline_165.jpeg,9
welding_line/weldingline_166.jpeg,9
welding_line/weldingline_167.jpeg,9
welding_line/weldingline_168.jpeg,9
welding_line/weldingline_169.jpeg,9
welding_line/weldingline_17.jpeg,9
welding_line/weldingline_170.jpeg,9
welding_line/weldingline_171.jpeg,9
welding_line/weldingline_172.jpeg,9
welding_line/weldingline_173.jpeg,9
welding_line/weldingline_174.jpeg,9
welding_line/weldingline_175.jpeg,9
welding_line/weldingline_176.jpeg,9
welding_line/weldingline_177.jpeg,9
welding_line/weldingline_178.jpeg,9
welding_line/weldingline_179.jpeg,9
welding_line/weldingline_18.jpeg,9
welding_line/weldingline_180.jpeg,9
welding_line/weldingline_181.jpeg,9
welding_line/weldingline_182.jpeg,9
welding_line/weldingline_183.jpeg,9
welding_line/weldingline_184.jpeg,9
welding_line/weldingline_185.jpeg,9
welding_line/weldingline_186.jpeg,9
welding_line/weldingline_187.jpeg,9
welding_line/weldingline_188.jpeg,9
welding_line/weldingline_189.jpeg,9
welding_line/weldingline_19.jpeg,9
welding_line/weldingline_190.jpeg,9
welding_line/weldingline_191.jpeg,9
welding_line/weldingline_192.jpeg,9
welding_line/weldingline_193.jpeg,9
welding_line/weldingline_194.jpeg,9
welding_line/weldingline_195.jpeg,9
welding_line/weldingline_196.jpeg,9
welding_line/weldingline_197.jpeg,9
welding_line/weldingline_198.jpeg,9
welding_line/weldingline_199.jpeg,9
welding_line/weldingline_2.jpeg,9
welding_line/weldingline_20.jpeg,9
welding_line/weldingline_200.jpeg,9
welding_line/weldingline_201.jpeg,9
welding_line/weldingline_202.jpeg,9
welding_line/weldingline_203.jpeg,9
welding_line/weldingline_204.jpeg,9
welding_line/weldingline_205.jpeg,9
welding_line/weldingline_206.jpeg,9
welding_line/weldingline_207.jpeg,9
welding_line/weldingline_208.jpeg,9
welding_line/weldingline_209.jpeg,9
welding_line/weldingline_21.jpeg,9
welding_line/weldingline_210.jpeg,9
welding_line/weldingline_211.jpeg,9
welding_line/weldingline_212.jpeg,9
welding_line/weldingline_213.jpeg,9
welding_line/weldingline_214.jpeg,9
welding_line/weldingline_215.jpeg,9
welding_line/weldingline_216.jpeg,9
welding_line/weldingline_217.jpeg,9
welding_line/weldingline_218.jpeg,9
welding_line/weldingline_219.jpeg,9
welding_line/weldingline_22.jpeg,9
welding_line/weldingline_220.jpeg,9
welding_line/weldingline_221.jpeg,9
welding_line/weldingline_222.jpeg,9
welding_line/weldingline_223.jpeg,9
welding_line/weldingline_224.jpeg,9
welding_line/weldingline_225.jpeg,9
welding_line/weldingline_226.jpeg,9
welding_line/weldingline_227.jpeg,9
welding_line/weldingline_228.jpeg,9
welding_line/weldingline_229.jpeg,9
welding_line/weldingline_23.jpeg,9
welding_line/weldingline_230.jpeg,9
welding_line/weldingline_231.jpeg,9
welding_line/weldingline_232.jpeg,9
welding_line/weldingline_233.jpeg,9
welding_line/weldingline_234.jpeg,9
welding_line/weldingline_235.jpeg,9
welding_line/weldingline_236.jpeg,9
welding_line/weldingline_237.jpeg,9
welding_line/weldingline_238.jpeg,9
welding_line/weldingline_239.jpeg,9
welding_line/weldingline_24.jpeg,9
welding_line/weldingline_240.jpeg,9
welding_line/weldingline_241.jpeg,9
welding_line/weldingline_242.jpeg,9
welding_line/weldingline_243.jpeg,9
welding_line/weldingline_244.jpeg,9
welding_line/weldingline_245.jpeg,9
welding_line/weldingline_246.jpeg,9
welding_line/weldingline_247.jpeg,9
welding_line/weldingline_248.jpeg,9
welding_line/weldingline_249.jpeg,9
welding_line/weldingline_25.jpeg,9
welding_line/weldingline_250.jpeg,9
welding_line/weldingline_251.jpeg,9
welding_line/weldingline_252.jpeg,9
welding_line/weldingline_253.jpeg,9
welding_line/weldingline_254.jpeg,9
welding_line/weldingline_255.jpeg,9
welding_line/weldingline_256.jpeg,9
welding_line/weldingline_257.jpeg,9
welding_line/weldingline_258.jpeg,9
welding_line/weldingline_259.jpeg,9
welding_line/weldingline_26.jpeg,9
welding_line/weldingline_260.jpeg,9
welding_line/weldingline_261.jpeg,9
welding_line/weldingline_262.jpeg,9
welding_line/weldingline_263.jpeg,9
welding_line/weldingline_264.jpeg,9
welding_line/weldingline_265.jpeg,9
welding_line/weldingline_266.jpeg,9
welding_line/weldingline_267.jpeg,9
welding_line/weldingline_268.jpeg,9
welding_line/weldingline_269.jpeg,9
welding_line/weldingline_27.jpeg,9
welding_line/weldingline_270.jpeg,9
welding_line/weldingline_271.jpeg,9
welding_line/weldingline_272.jpeg,9
welding_line/weldingline_28.jpeg,9
welding_line/weldingline_29.jpeg,9
welding_line/weldingline_3.jpeg,9
welding_line/weldingline_30.jpeg,9
welding_line/weldingline_31.jpeg,9
welding_line/weldingline_32.jpeg,9
welding_line/weldingline_33.jpeg,9
welding_line/weldingline_34.jpeg,9
welding_line/weldingline_35.jpeg,9
welding_line/weldingline_36.jpeg,9
welding_line/weldingline_37.jpeg,9
welding_line/weldingline_38.jpeg,9
welding_line/weldingline_39.jpeg,9
welding_line/weldingline_4.jpeg,9
welding_line/weldingline_40.jpeg,9
welding_line/weldingline_41.jpeg,9
welding_line/weldingline_42.jpeg,9
welding_line/weldingline_43.jpeg,9
welding_line/weldingline_44.jpeg,9
welding_line/weldingline_45.jpeg,9
welding_line/weldingline_46.jpeg,9
welding_line/weldingline_47.jpeg,9
welding_line/weldingline_48.jpeg,9
welding_line/weldingline_49.jpeg,9
welding_line/weldingline_5.jpeg,9
welding_line/weldingline_50.jpeg,9
welding_line/weldingline_51.jpeg,9
welding_line/weldingline_52.jpeg,9
welding_line/weldingline_53.jpeg,9
welding_line/weldingline_54.jpeg,9
welding_line/weldingline_55.jpeg,9
welding_line/weldingline_56.jpeg,9
welding_line/weldingline_57.jpeg,9
welding_line/weldingline_58.jpeg,9
welding_line/weldingline_59.jpeg,9
welding_line/weldingline_6.jpeg,9
welding_line/weldingline_60.jpeg,9
welding_line/weldingline_61.jpeg,9
welding_line/weldingline_62.jpeg,9
welding_line/weldingline_63.jpeg,9
welding_line/weldingline_64.jpeg,9
welding_line/weldingline_65.jpeg,9
welding_line/weldingline_66.jpeg,9
welding_line/weldingline_67.jpeg,9
welding_line/weldingline_68.jpeg,9
welding_line/weldingline_69.jpeg,9
welding_line/weldingline_7.jpeg,9
welding_line/weldingline_70.jpeg,9
welding_line/weldingline_71.jpeg,9
welding_line/weldingline_72.jpeg,9
welding_line/weldingline_73.jpeg,9
welding_line/weldingline_74.jpeg,9
welding_line/weldingline_75.jpeg,9
welding_line/weldingline_76.jpeg,9
welding_line/weldingline_77.jpeg,9
welding_line/weldingline_78.jpeg,9
welding_line/weldingline_79.jpeg,9
welding_line/weldingline_8.jpeg,9
welding_line/weldingline_80.jpeg,9
welding_line/weldingline_81.jpeg,9
welding_line/weldingline_82.jpeg,9
welding_line/weldingline_83.jpeg,9
welding_line/weldingline_84.jpeg,9
welding_line/weldingline_85.jpeg,9
welding_line/weldingline_86.jpeg,9
welding_line/weldingline_87.jpeg,9
welding_line/weldingline_88.jpeg,9
welding_line/weldingline_89.jpeg,9
welding_line/weldingline_9.jpeg,9
welding_line/weldingline_90.jpeg,9
welding_line/weldingline_91.jpeg,9
welding_line/weldingline_92.jpeg,9
welding_line/weldingline_93.jpeg,9
welding_line/weldingline_94.jpeg,9
welding_line/weldingline_95.jpeg,9
welding_line/weldingline_96.jpeg,9
welding_line/weldingline_97.jpeg,9
welding_line/weldingline_98.jpeg,9
welding_line/weldingline_99.jpeg,9
